,influencer_name,video_url
0,Elyse Myers,https://www.tiktok.com/@elysemyers/video/7342305372981529886
1,Elyse Myers,https://www.tiktok.com/@elysemyers/video/7341925617371270431
2,Elyse Myers,https://www.tiktok.com/@elysemyers/photo/7341544560906079519
3,Elyse Myers,https://www.tiktok.com/@elysemyers/video/7340843876321692959
4,Elyse Myers,https://www.tiktok.com/@elysemyers/video/7340482934534720810
5,Elyse Myers,https://www.tiktok.com/@elysemyers/video/7340299109070376223
6,Elyse Myers,https://www.tiktok.com/@elysemyers/photo/7340128146022305054
7,Elyse Myers,https://www.tiktok.com/@elysemyers/photo/7338819145905048862
8,Elyse Myers,https://www.tiktok.com/@elysemyers/video/7338039771031162143
9,Elyse Myers,https://www.tiktok.com/@elysemyers/video/7335460885760052511
10,Elyse Myers,https://www.tiktok.com/@elysemyers/video/7334726075873889566
11,Elyse Myers,https://www.tiktok.com/@elysemyers/video/7334445600521440543
12,Elyse Myers,https://www.tiktok.com/@elysemyers/photo/7334370750930898206
13,Elyse Myers,https://www.tiktok.com/@elysemyers/video/7333725133179227422
14,Elyse Myers,https://www.tiktok.com/@elysemyers/video/7332527334009982239
15,Elyse Myers,https://www.tiktok.com/@elysemyers/video/7332247626844245278
16,Elyse Myers,https://www.tiktok.com/@elysemyers/photo/7331563117563890975
17,Elyse Myers,https://www.tiktok.com/@elysemyers/video/7329925583217888543
18,Elyse Myers,https://www.tiktok.com/@elysemyers/video/7325536400760147231
19,Elyse Myers,https://www.tiktok.com/@elysemyers/photo/7325235871563762974
20,Elyse Myers,https://www.tiktok.com/@elysemyers/video/7325107400191659294
21,Elyse Myers,https://www.tiktok.com/@elysemyers/video/7324805442192805151
22,Elyse Myers,https://www.tiktok.com/@elysemyers/video/7324353658148228394
23,Elyse Myers,https://www.tiktok.com/@elysemyers/video/7323794751826775326
24,Elyse Myers,https://www.tiktok.com/@elysemyers/video/7323313613375065375
25,Elyse Myers,https://www.tiktok.com/@elysemyers/video/7322925526669085983
26,Elyse Myers,https://www.tiktok.com/@elysemyers/video/7322517928639810847
27,Elyse Myers,https://www.tiktok.com/@elysemyers/video/7321151456726273311
28,Elyse Myers,https://www.tiktok.com/@elysemyers/video/7321134041040702750
29,Elyse Myers,https://www.tiktok.com/@elysemyers/photo/7321015159999253790
30,Elyse Myers,https://www.tiktok.com/@elysemyers/video/7320426759365627167
31,Elyse Myers,https://www.tiktok.com/@elysemyers/video/7319989069302205726
32,Elyse Myers,https://www.tiktok.com/@elysemyers/video/7319963401403338014
33,Elyse Myers,https://www.tiktok.com/@elysemyers/video/7318797328008219934
34,Elyse Myers,https://www.tiktok.com/@elysemyers/video/7317682057960869151
35,Dr. Julie Smith,https://www.tiktok.com/@drjulie/video/7184120122754206982
36,Dr. Julie Smith,https://www.tiktok.com/@drjulie/video/6851146755392769285
37,Dr. Julie Smith,https://www.tiktok.com/@drjulie/video/6861588464580709637
38,Dr. Julie Smith,https://www.tiktok.com/@drjulie/video/7340326073600707873
39,Dr. Julie Smith,https://www.tiktok.com/@drjulie/video/7336963674113953056
40,Dr. Julie Smith,https://www.tiktok.com/@drjulie/video/7334379712615173408
41,Dr. Julie Smith,https://www.tiktok.com/@drjulie/video/7332156865125649697
42,Dr. Julie Smith,https://www.tiktok.com/@drjulie/video/7329934287938080032
43,Dr. Julie Smith,https://www.tiktok.com/@drjulie/video/7327321643829726496
44,Dr. Julie Smith,https://www.tiktok.com/@drjulie/video/7314703151234288928
45,Dr. Julie Smith,https://www.tiktok.com/@drjulie/video/7311001998671858976
46,Dr. Julie Smith,https://www.tiktok.com/@drjulie/video/7308017030601411873
47,Dr. Julie Smith,https://www.tiktok.com/@drjulie/video/7305797406975724833
48,Dr. Julie Smith,https://www.tiktok.com/@drjulie/video/7302460874789227808
49,Dr. Julie Smith,https://www.tiktok.com/@drjulie/video/7298380958913383712
50,Dr. Julie Smith,https://www.tiktok.com/@drjulie/video/7295015219246533921
51,Dr. Julie Smith,https://www.tiktok.com/@drjulie/video/7290568696999759137
52,Dr. Julie Smith,https://www.tiktok.com/@drjulie/video/7287614194571070753
53,Dr. Julie Smith,https://www.tiktok.com/@drjulie/video/7285017770192801056
54,Dr. Julie Smith,https://www.tiktok.com/@drjulie/video/7282430631043157280
55,Dr. Julie Smith,https://www.tiktok.com/@drjulie/video/7277593687608003873
56,Dr. Julie Smith,https://www.tiktok.com/@drjulie/video/7274649433189453088
57,Dr. Julie Smith,https://www.tiktok.com/@drjulie/video/7271278248636566816
58,Dr. Julie Smith,https://www.tiktok.com/@drjulie/video/7267184918491352352
59,Dr. Julie Smith,https://www.tiktok.com/@drjulie/video/7263844639629774112
60,Dr. Julie Smith,https://www.tiktok.com/@drjulie/video/7261639230907059482
61,Dr. Julie Smith,https://www.tiktok.com/@drjulie/video/7259781832705707291
62,Dr. Julie Smith,https://www.tiktok.com/@drjulie/video/7257909940159892762
63,Dr. Julie Smith,https://www.tiktok.com/@drjulie/video/7255331580909047067
64,Dr. Julie Smith,https://www.tiktok.com/@drjulie/video/7251969212808170779
65,Dr. Julie Smith,https://www.tiktok.com/@drjulie/video/7251245256203635994
66,Dr. Julie Smith,https://www.tiktok.com/@drjulie/video/7247529980526169371
67,Dr. Julie Smith,https://www.tiktok.com/@drjulie/video/7245310113899220250
68,Dr. Julie Smith,https://www.tiktok.com/@drjulie/video/7243080308529155354
69,Dr. Julie Smith,https://www.tiktok.com/@drjulie/video/7240834001588587802
70,Nadia Addesi,https://www.tiktok.com/@nadiaaddesi/video/6880616298460597506
71,Nadia Addesi,https://www.tiktok.com/@nadiaaddesi/video/6887612546094877953
72,Nadia Addesi,https://www.tiktok.com/@nadiaaddesi/video/7340054175125982469
73,Nadia Addesi,https://www.tiktok.com/@nadiaaddesi/video/7340019816268352773
74,Nadia Addesi,https://www.tiktok.com/@nadiaaddesi/video/7339993773373394182
75,Nadia Addesi,https://www.tiktok.com/@nadiaaddesi/video/7338146786902625542
76,Nadia Addesi,https://www.tiktok.com/@nadiaaddesi/video/7324837965207751942
77,Nadia Addesi,https://www.tiktok.com/@nadiaaddesi/video/7318187511124167941
78,Nadia Addesi,https://www.tiktok.com/@nadiaaddesi/video/7315575116929174790
79,Nadia Addesi,https://www.tiktok.com/@nadiaaddesi/video/7315100322043530502
80,Nadia Addesi,https://www.tiktok.com/@nadiaaddesi/video/7314421223105006854
81,Nadia Addesi,https://www.tiktok.com/@nadiaaddesi/video/7314370942908517637
82,Nadia Addesi,https://www.tiktok.com/@nadiaaddesi/video/7313994123978083590
83,Nadia Addesi,https://www.tiktok.com/@nadiaaddesi/video/7313971963834141958
84,Nadia Addesi,https://www.tiktok.com/@nadiaaddesi/video/7312957453459623174
85,Nadia Addesi,https://www.tiktok.com/@nadiaaddesi/video/7312876795764722950
86,Nadia Addesi,https://www.tiktok.com/@nadiaaddesi/video/7312646103915040006
87,Nadia Addesi,https://www.tiktok.com/@nadiaaddesi/video/7312531290614418693
88,Nadia Addesi,https://www.tiktok.com/@nadiaaddesi/video/7312230759450823941
89,Nadia Addesi,https://www.tiktok.com/@nadiaaddesi/video/7311709866991602949
90,Nadia Addesi,https://www.tiktok.com/@nadiaaddesi/video/7310747626603875589
91,Nadia Addesi,https://www.tiktok.com/@nadiaaddesi/video/7310333161861352709
92,Nadia Addesi,https://www.tiktok.com/@nadiaaddesi/video/7310269606319508741
93,Nadia Addesi,https://www.tiktok.com/@nadiaaddesi/video/7310023571735055622
94,Nadia Addesi,https://www.tiktok.com/@nadiaaddesi/video/7309664913226779910
95,Nadia Addesi,https://www.tiktok.com/@nadiaaddesi/video/7309193616499559686
96,Nadia Addesi,https://www.tiktok.com/@nadiaaddesi/video/7308923095601958149
97,Nadia Addesi,https://www.tiktok.com/@nadiaaddesi/video/7286929086310518022
98,Nadia Addesi,https://www.tiktok.com/@nadiaaddesi/video/7286563266233388294
99,Nadia Addesi,https://www.tiktok.com/@nadiaaddesi/video/7286502172567637254
100,Nadia Addesi,https://www.tiktok.com/@nadiaaddesi/video/7266847033271618822
101,Nadia Addesi,https://www.tiktok.com/@nadiaaddesi/video/7264743352132816134
102,Nadia Addesi,https://www.tiktok.com/@nadiaaddesi/video/7264027505462349062
103,Nadia Addesi,https://www.tiktok.com/@nadiaaddesi/video/7262751046605262085
104,Nadia Addesi,https://www.tiktok.com/@nadiaaddesi/video/7260185827320384773
105,Jeff Guenther,https://www.tiktok.com/@therapyjeff/video/7305044714473016619
106,Jeff Guenther,https://www.tiktok.com/@therapyjeff/video/7230160564989857066
107,Jeff Guenther,https://www.tiktok.com/@therapyjeff/video/7342519353130257710
108,Jeff Guenther,https://www.tiktok.com/@therapyjeff/video/7342214717051587886
109,Jeff Guenther,https://www.tiktok.com/@therapyjeff/video/7341785989368532270
110,Jeff Guenther,https://www.tiktok.com/@therapyjeff/video/7341507522622328110
111,Jeff Guenther,https://www.tiktok.com/@therapyjeff/video/7341407593929166123
112,Jeff Guenther,https://www.tiktok.com/@therapyjeff/video/7341095624055459118
113,Jeff Guenther,https://www.tiktok.com/@therapyjeff/video/7341038232240442667
114,Jeff Guenther,https://www.tiktok.com/@therapyjeff/video/7340733026810318123
115,Jeff Guenther,https://www.tiktok.com/@therapyjeff/video/7340671432482983210
116,Jeff Guenther,https://www.tiktok.com/@therapyjeff/video/7340298704118910254
117,Jeff Guenther,https://www.tiktok.com/@therapyjeff/video/7339919041919847722
118,Jeff Guenther,https://www.tiktok.com/@therapyjeff/video/7339548718837943598
119,Jeff Guenther,https://www.tiktok.com/@therapyjeff/video/7339177436535409962
120,Jeff Guenther,https://www.tiktok.com/@therapyjeff/video/7338806924776836398
121,Jeff Guenther,https://www.tiktok.com/@therapyjeff/video/7338435310025477419
122,Jeff Guenther,https://www.tiktok.com/@therapyjeff/video/7338142470221352234
123,Jeff Guenther,https://www.tiktok.com/@therapyjeff/video/7338067143700843822
124,Jeff Guenther,https://www.tiktok.com/@therapyjeff/video/7337693038468255018
125,Jeff Guenther,https://www.tiktok.com/@therapyjeff/video/7337316935761218858
126,Jeff Guenther,https://www.tiktok.com/@therapyjeff/video/7336967956112510254
127,Jeff Guenther,https://www.tiktok.com/@therapyjeff/video/7336599563677027627
128,Jeff Guenther,https://www.tiktok.com/@therapyjeff/video/7336275251648630059
129,Jeff Guenther,https://www.tiktok.com/@therapyjeff/video/7336203865185946923
130,Jeff Guenther,https://www.tiktok.com/@therapyjeff/video/7335920666715360558
131,Jeff Guenther,https://www.tiktok.com/@therapyjeff/video/7335848450606550315
132,Jeff Guenther,https://www.tiktok.com/@therapyjeff/video/7335575817658961194
133,Jeff Guenther,https://www.tiktok.com/@therapyjeff/video/7335468233547353387
134,Jeff Guenther,https://www.tiktok.com/@therapyjeff/video/7335095054056344878
135,Jeff Guenther,https://www.tiktok.com/@therapyjeff/video/7334749369637408043
136,Jeff Guenther,https://www.tiktok.com/@therapyjeff/video/7334368444906999086
137,Jeff Guenther,https://www.tiktok.com/@therapyjeff/video/7333989630146137387
138,Jeff Guenther,https://www.tiktok.com/@therapyjeff/video/7333710992691498283
139,Jeff Guenther,https://www.tiktok.com/@therapyjeff/video/7333613012122717482
140,Evan Lieberman,https://www.tiktok.com/@evan.the.counselor/video/7031603981180816686
141,Evan Lieberman,https://www.tiktok.com/@evan.the.counselor/video/6968628988746943750
142,Evan Lieberman,https://www.tiktok.com/@evan.the.counselor/video/7028742222799637807
143,Evan Lieberman,https://www.tiktok.com/@evan.the.counselor/video/7341177684392725803
144,Evan Lieberman,https://www.tiktok.com/@evan.the.counselor/video/7340442049575177518
145,Evan Lieberman,https://www.tiktok.com/@evan.the.counselor/video/7340076746298969387
146,Evan Lieberman,https://www.tiktok.com/@evan.the.counselor/video/7337467349068516651
147,Evan Lieberman,https://www.tiktok.com/@evan.the.counselor/video/7335635722512223531
148,Evan Lieberman,https://www.tiktok.com/@evan.the.counselor/video/7334523379011177770
149,Evan Lieberman,https://www.tiktok.com/@evan.the.counselor/video/7333400791983721770
150,Evan Lieberman,https://www.tiktok.com/@evan.the.counselor/video/7333019260299627818
151,Evan Lieberman,https://www.tiktok.com/@evan.the.counselor/video/7332655526506974507
152,Evan Lieberman,https://www.tiktok.com/@evan.the.counselor/video/7330045232546958635
153,Evan Lieberman,https://www.tiktok.com/@evan.the.counselor/video/7329310893848710442
154,Evan Lieberman,https://www.tiktok.com/@evan.the.counselor/video/7326740786622663982
155,Evan Lieberman,https://www.tiktok.com/@evan.the.counselor/video/7325624622441975082
156,Evan Lieberman,https://www.tiktok.com/@evan.the.counselor/video/7325227514362858798
157,Evan Lieberman,https://www.tiktok.com/@evan.the.counselor/video/7324491000737533227
158,Evan Lieberman,https://www.tiktok.com/@evan.the.counselor/video/7323025731179629867
159,Evan Lieberman,https://www.tiktok.com/@evan.the.counselor/video/7322639517712715050
160,Evan Lieberman,https://www.tiktok.com/@evan.the.counselor/video/7322250648240622894
161,Evan Lieberman,https://www.tiktok.com/@evan.the.counselor/video/7321521468741995822
162,Evan Lieberman,https://www.tiktok.com/@evan.the.counselor/video/7320400184087874862
163,Evan Lieberman,https://www.tiktok.com/@evan.the.counselor/video/7320040224879430955
164,Evan Lieberman,https://www.tiktok.com/@evan.the.counselor/video/7319672573267037483
165,Evan Lieberman,https://www.tiktok.com/@evan.the.counselor/video/7316274289165077802
166,Evan Lieberman,https://www.tiktok.com/@evan.the.counselor/video/7315215720021855531
167,Evan Lieberman,https://www.tiktok.com/@evan.the.counselor/video/7314841049543773482
168,Evan Lieberman,https://www.tiktok.com/@evan.the.counselor/video/7312632900619455790
169,Evan Lieberman,https://www.tiktok.com/@evan.the.counselor/video/7311879192424107306
170,Evan Lieberman,https://www.tiktok.com/@evan.the.counselor/video/7311144992263638315
171,Evan Lieberman,https://www.tiktok.com/@evan.the.counselor/video/7310010524807449902
172,Evan Lieberman,https://www.tiktok.com/@evan.the.counselor/video/7308915247199374634
173,Evan Lieberman,https://www.tiktok.com/@evan.the.counselor/video/7308538453623409962
174,Evan Lieberman,https://www.tiktok.com/@evan.the.counselor/video/7307426664718388523
175,Micheline Maalouf,https://www.tiktok.com/@micheline.maalouf/video/7115120062989684014
176,Micheline Maalouf,https://www.tiktok.com/@micheline.maalouf/video/7100681009640869166
177,Micheline Maalouf,https://www.tiktok.com/@micheline.maalouf/video/7116989482502458670
178,Micheline Maalouf,https://www.tiktok.com/@micheline.maalouf/video/7341080872231193898
179,Micheline Maalouf,https://www.tiktok.com/@micheline.maalouf/video/7340319723764075818
180,Micheline Maalouf,https://www.tiktok.com/@micheline.maalouf/video/7340311717261380907
181,Micheline Maalouf,https://www.tiktok.com/@micheline.maalouf/video/7339912301421563179
182,Micheline Maalouf,https://www.tiktok.com/@micheline.maalouf/video/7337319533922897195
183,Micheline Maalouf,https://www.tiktok.com/@micheline.maalouf/video/7335887221167377707
184,Micheline Maalouf,https://www.tiktok.com/@micheline.maalouf/video/7335536163391819054
185,Micheline Maalouf,https://www.tiktok.com/@micheline.maalouf/video/7335515485922118958
186,Micheline Maalouf,https://www.tiktok.com/@micheline.maalouf/video/7333347484078509354
187,Micheline Maalouf,https://www.tiktok.com/@micheline.maalouf/video/7331043779354545454
188,Micheline Maalouf,https://www.tiktok.com/@micheline.maalouf/video/7330001249699679534
189,Micheline Maalouf,https://www.tiktok.com/@micheline.maalouf/video/7329519236034956587
190,Micheline Maalouf,https://www.tiktok.com/@micheline.maalouf/video/7327754526419668270
191,Micheline Maalouf,https://www.tiktok.com/@micheline.maalouf/video/7327416659021466922
192,Micheline Maalouf,https://www.tiktok.com/@micheline.maalouf/video/7326660652733418795
193,Micheline Maalouf,https://www.tiktok.com/@micheline.maalouf/video/7324731111370804522
194,Micheline Maalouf,https://www.tiktok.com/@micheline.maalouf/video/7322531705942707502
195,Micheline Maalouf,https://www.tiktok.com/@micheline.maalouf/video/7322527452117486894
196,Micheline Maalouf,https://www.tiktok.com/@micheline.maalouf/video/7322095275634412846
197,Micheline Maalouf,https://www.tiktok.com/@micheline.maalouf/video/7320669954838154542
198,Micheline Maalouf,https://www.tiktok.com/@micheline.maalouf/video/7320258941332491562
199,Micheline Maalouf,https://www.tiktok.com/@micheline.maalouf/video/7319959855266123054
200,Micheline Maalouf,https://www.tiktok.com/@micheline.maalouf/video/7312905293556485419
201,Micheline Maalouf,https://www.tiktok.com/@micheline.maalouf/video/7311837881285315882
202,Micheline Maalouf,https://www.tiktok.com/@micheline.maalouf/video/7309228621862866218
203,Micheline Maalouf,https://www.tiktok.com/@micheline.maalouf/video/7309138807490645290
204,Micheline Maalouf,https://www.tiktok.com/@micheline.maalouf/video/7304041987374632234
205,Micheline Maalouf,https://www.tiktok.com/@micheline.maalouf/video/7303607823819115818
206,Micheline Maalouf,https://www.tiktok.com/@micheline.maalouf/video/7302550927662173482
207,Micheline Maalouf,https://www.tiktok.com/@micheline.maalouf/video/7301480661209206062
208,Micheline Maalouf,https://www.tiktok.com/@micheline.maalouf/video/7300921942939405611
209,Micheline Maalouf,https://www.tiktok.com/@micheline.maalouf/video/7298360858176916778
210,Chloe Hayden,https://www.tiktok.com/@chloeshayden/video/7341282030367395079
211,Chloe Hayden,https://www.tiktok.com/@chloeshayden/video/7340796143502200072
212,Chloe Hayden,https://www.tiktok.com/@chloeshayden/video/7340508826036227335
213,Chloe Hayden,https://www.tiktok.com/@chloeshayden/video/7340054588868873479
214,Chloe Hayden,https://www.tiktok.com/@chloeshayden/video/7339789110111980818
215,Chloe Hayden,https://www.tiktok.com/@chloeshayden/video/7339455637216038151
216,Chloe Hayden,https://www.tiktok.com/@chloeshayden/video/7339405125284367624
217,Chloe Hayden,https://www.tiktok.com/@chloeshayden/video/7339055785521040648
218,Chloe Hayden,https://www.tiktok.com/@chloeshayden/photo/7338635834674941192
219,Chloe Hayden,https://www.tiktok.com/@chloeshayden/video/7338192825911184658
220,Chloe Hayden,https://www.tiktok.com/@chloeshayden/photo/7337503166533078290
221,Chloe Hayden,https://www.tiktok.com/@chloeshayden/video/7336889410807467272
222,Chloe Hayden,https://www.tiktok.com/@chloeshayden/video/7336389521749134600
223,Chloe Hayden,https://www.tiktok.com/@chloeshayden/video/7335999080897891602
224,Chloe Hayden,https://www.tiktok.com/@chloeshayden/video/7335653972608437522
225,Chloe Hayden,https://www.tiktok.com/@chloeshayden/video/7333806741878050066
226,Chloe Hayden,https://www.tiktok.com/@chloeshayden/video/7333332303030095112
227,Chloe Hayden,https://www.tiktok.com/@chloeshayden/video/7332766041090575623
228,Chloe Hayden,https://www.tiktok.com/@chloeshayden/video/7329383580579187986
229,Chloe Hayden,https://www.tiktok.com/@chloeshayden/video/7326664014744849672
230,Chloe Hayden,https://www.tiktok.com/@chloeshayden/video/7324477831918914824
231,Chloe Hayden,https://www.tiktok.com/@chloeshayden/video/7323347759208189191
232,Chloe Hayden,https://www.tiktok.com/@chloeshayden/video/7322289086859840786
233,Chloe Hayden,https://www.tiktok.com/@chloeshayden/video/7320855996702657799
234,Chloe Hayden,https://www.tiktok.com/@chloeshayden/video/7318960195223309576
235,Chloe Hayden,https://www.tiktok.com/@chloeshayden/video/7317909495525477650
236,Chloe Hayden,https://www.tiktok.com/@chloeshayden/video/7317513595523304722
237,Chloe Hayden,https://www.tiktok.com/@chloeshayden/video/7317068849520610568
238,Chloe Hayden,https://www.tiktok.com/@chloeshayden/video/7316276781173067015
239,Chloe Hayden,https://www.tiktok.com/@chloeshayden/video/7316099793208610066
240,Chloe Hayden,https://www.tiktok.com/@chloeshayden/video/7314935345685073160
241,Chloe Hayden,https://www.tiktok.com/@chloeshayden/video/7314078581045398792
242,Chloe Hayden,https://www.tiktok.com/@chloeshayden/video/7313339277281086728
243,Chloe Hayden,https://www.tiktok.com/@chloeshayden/video/7312968885412580626
244,Chloe Hayden,https://www.tiktok.com/@chloeshayden/video/7312271504077507847
245,Dr. Justin Puder Ph.D.,https://www.tiktok.com/@amoderntherapist/video/7322147978016329006
246,Dr. Justin Puder Ph.D.,https://www.tiktok.com/@amoderntherapist/video/7300613828738338090
247,Dr. Justin Puder Ph.D.,https://www.tiktok.com/@amoderntherapist/video/7229286612419530027
248,Dr. Justin Puder Ph.D.,https://www.tiktok.com/@amoderntherapist/video/7342558808117464366
249,Dr. Justin Puder Ph.D.,https://www.tiktok.com/@amoderntherapist/video/7342258483015748907
250,Dr. Justin Puder Ph.D.,https://www.tiktok.com/@amoderntherapist/video/7341787676317617450
251,Dr. Justin Puder Ph.D.,https://www.tiktok.com/@amoderntherapist/video/7341535991137684779
252,Dr. Justin Puder Ph.D.,https://www.tiktok.com/@amoderntherapist/video/7341066472992689454
253,Dr. Justin Puder Ph.D.,https://www.tiktok.com/@amoderntherapist/video/7340712680812006699
254,Dr. Justin Puder Ph.D.,https://www.tiktok.com/@amoderntherapist/video/7340368199067815214
255,Dr. Justin Puder Ph.D.,https://www.tiktok.com/@amoderntherapist/video/7339959660025335083
256,Dr. Justin Puder Ph.D.,https://www.tiktok.com/@amoderntherapist/video/7339605530920488235
257,Dr. Justin Puder Ph.D.,https://www.tiktok.com/@amoderntherapist/video/7339325329187589419
258,Dr. Justin Puder Ph.D.,https://www.tiktok.com/@amoderntherapist/video/7338921595542506794
259,Dr. Justin Puder Ph.D.,https://www.tiktok.com/@amoderntherapist/video/7338492077094800686
260,Dr. Justin Puder Ph.D.,https://www.tiktok.com/@amoderntherapist/video/7338192659342806318
261,Dr. Justin Puder Ph.D.,https://www.tiktok.com/@amoderntherapist/video/7337828703767940395
262,Dr. Justin Puder Ph.D.,https://www.tiktok.com/@amoderntherapist/video/7337379287382707498
263,Dr. Justin Puder Ph.D.,https://www.tiktok.com/@amoderntherapist/video/7337112365823036718
264,Dr. Justin Puder Ph.D.,https://www.tiktok.com/@amoderntherapist/video/7336270542347013419
265,Dr. Justin Puder Ph.D.,https://www.tiktok.com/@amoderntherapist/video/7335496292866592042
266,Dr. Justin Puder Ph.D.,https://www.tiktok.com/@amoderntherapist/video/7335230995999755563
267,Dr. Justin Puder Ph.D.,https://www.tiktok.com/@amoderntherapist/video/7334823002749537578
268,Dr. Justin Puder Ph.D.,https://www.tiktok.com/@amoderntherapist/video/7334480238908575022
269,Dr. Justin Puder Ph.D.,https://www.tiktok.com/@amoderntherapist/video/7334041956500147499
270,Dr. Justin Puder Ph.D.,https://www.tiktok.com/@amoderntherapist/video/7333293366236450091
271,Dr. Justin Puder Ph.D.,https://www.tiktok.com/@amoderntherapist/video/7333006574052543787
272,Dr. Justin Puder Ph.D.,https://www.tiktok.com/@amoderntherapist/video/7332546367853825322
273,Dr. Justin Puder Ph.D.,https://www.tiktok.com/@amoderntherapist/video/7330654965469433130
274,Dr. Justin Puder Ph.D.,https://www.tiktok.com/@amoderntherapist/video/7330403783811321131
275,Dr. Justin Puder Ph.D.,https://www.tiktok.com/@amoderntherapist/video/7329916819660246318
276,Dr. Justin Puder Ph.D.,https://www.tiktok.com/@amoderntherapist/video/7329554546764827950
277,Dr. Justin Puder Ph.D.,https://www.tiktok.com/@amoderntherapist/video/7328955846858149162
278,Dr. Justin Puder Ph.D.,https://www.tiktok.com/@amoderntherapist/video/7328511527676333354
279,Dr. Justin Puder Ph.D.,https://www.tiktok.com/@amoderntherapist/video/7327806778308169003
280,Shani Tran,https://www.tiktok.com/@theshaniproject/video/7300319724003478826
281,Shani Tran,https://www.tiktok.com/@theshaniproject/video/7309931906601143583
282,Shani Tran,https://www.tiktok.com/@theshaniproject/video/7260227396446522670
283,Shani Tran,https://www.tiktok.com/@theshaniproject/video/7338147489180142878
284,Shani Tran,https://www.tiktok.com/@theshaniproject/video/7338145823831624991
285,Shani Tran,https://www.tiktok.com/@theshaniproject/video/7339217677254233375
286,Shani Tran,https://www.tiktok.com/@theshaniproject/video/7338998684014628126
287,Shani Tran,https://www.tiktok.com/@theshaniproject/video/7335176270986186015
288,Shani Tran,https://www.tiktok.com/@theshaniproject/video/7335174121015217438
289,Shani Tran,https://www.tiktok.com/@theshaniproject/video/7335488645736025375
290,Shani Tran,https://www.tiktok.com/@theshaniproject/video/7336248463878917406
291,Shani Tran,https://www.tiktok.com/@theshaniproject/video/7335908413026733342
292,Shani Tran,https://www.tiktok.com/@theshaniproject/video/7335603653509795102
293,Shani Tran,https://www.tiktok.com/@theshaniproject/photo/7335228760003857695
294,Shani Tran,https://www.tiktok.com/@theshaniproject/video/7335126057177091358
295,Shani Tran,https://www.tiktok.com/@theshaniproject/video/7332597494469201182
296,Shani Tran,https://www.tiktok.com/@theshaniproject/video/7331113934637780255
297,Shani Tran,https://www.tiktok.com/@theshaniproject/video/7331066621508783391
298,Shani Tran,https://www.tiktok.com/@theshaniproject/video/7328549801484750110
299,Shani Tran,https://www.tiktok.com/@theshaniproject/video/7328109413363944734
300,Shani Tran,https://www.tiktok.com/@theshaniproject/video/7328172186236210463
301,Shani Tran,https://www.tiktok.com/@theshaniproject/video/7327390542529154334
302,Shani Tran,https://www.tiktok.com/@theshaniproject/video/7327025467750419743
303,Shani Tran,https://www.tiktok.com/@theshaniproject/video/7327024941990300958
304,Shani Tran,https://www.tiktok.com/@theshaniproject/video/7327024773333126431
305,Shani Tran,https://www.tiktok.com/@theshaniproject/video/7325959300143189290
306,Shani Tran,https://www.tiktok.com/@theshaniproject/video/7325958764400626987
307,Shani Tran,https://www.tiktok.com/@theshaniproject/video/7324523829751975199
308,Shani Tran,https://www.tiktok.com/@theshaniproject/video/7325498469244882206
309,Shani Tran,https://www.tiktok.com/@theshaniproject/video/7325199717040655646
310,Shani Tran,https://www.tiktok.com/@theshaniproject/video/7323331037445262638
311,Shani Tran,https://www.tiktok.com/@theshaniproject/video/7322891303514115358
312,Shani Tran,https://www.tiktok.com/@theshaniproject/video/7321827626350333214
313,Shani Tran,https://www.tiktok.com/@theshaniproject/video/7321564297602125087
314,Shani Tran,https://www.tiktok.com/@theshaniproject/video/7320465838841138463
315,Chlo,https://www.tiktok.com/@chloemariedub/video/7132200511196941573
316,Chlo,https://www.tiktok.com/@chloemariedub/video/7137772800655281414
317,Chlo,https://www.tiktok.com/@chloemariedub/video/7125171045065084166
318,Chlo,https://www.tiktok.com/@chloemariedub/video/7342638445228985606
319,Chlo,https://www.tiktok.com/@chloemariedub/video/7342557857965001990
320,Chlo,https://www.tiktok.com/@chloemariedub/video/7341504782760152326
321,Chlo,https://www.tiktok.com/@chloemariedub/video/7340705445868293382
322,Chlo,https://www.tiktok.com/@chloemariedub/video/7340409790528490757
323,Chlo,https://www.tiktok.com/@chloemariedub/video/7340340593668656390
324,Chlo,https://www.tiktok.com/@chloemariedub/photo/7340283716536651013
325,Chlo,https://www.tiktok.com/@chloemariedub/video/7340028717395397893
326,Chlo,https://www.tiktok.com/@chloemariedub/video/7339941067497770246
327,Chlo,https://www.tiktok.com/@chloemariedub/video/7339640377197989126
328,Chlo,https://www.tiktok.com/@chloemariedub/video/7339205841238904070
329,Chlo,https://www.tiktok.com/@chloemariedub/video/7338962821318774022
330,Chlo,https://www.tiktok.com/@chloemariedub/video/7338928794025200902
331,Chlo,https://www.tiktok.com/@chloemariedub/video/7338544667207765253
332,Chlo,https://www.tiktok.com/@chloemariedub/video/7338179481623989509
333,Chlo,https://www.tiktok.com/@chloemariedub/video/7337401393357032710
334,Chlo,https://www.tiktok.com/@chloemariedub/photo/7337353634776157446
335,Chlo,https://www.tiktok.com/@chloemariedub/video/7336261143981214982
336,Chlo,https://www.tiktok.com/@chloemariedub/video/7335857051601652997
337,Chlo,https://www.tiktok.com/@chloemariedub/video/7334432953851727109
338,Chlo,https://www.tiktok.com/@chloemariedub/video/7333711068864302342
339,Chlo,https://www.tiktok.com/@chloemariedub/video/7333358542541442310
340,Chlo,https://www.tiktok.com/@chloemariedub/video/7333243386897386757
341,Chlo,https://www.tiktok.com/@chloemariedub/video/7332967151466220806
342,Chlo,https://www.tiktok.com/@chloemariedub/video/7332609934007241989
343,Chlo,https://www.tiktok.com/@chloemariedub/video/7332605299712363781
344,Chlo,https://www.tiktok.com/@chloemariedub/video/7332570085971774726
345,Chlo,https://www.tiktok.com/@chloemariedub/video/7331910663725518085
346,Chlo,https://www.tiktok.com/@chloemariedub/video/7330423437300681989
347,Chlo,https://www.tiktok.com/@chloemariedub/video/7329979272242793733
348,Chlo,https://www.tiktok.com/@chloemariedub/video/7329931377426681093
349,Chlo,https://www.tiktok.com/@chloemariedub/video/7329537141841595653
350,Saúde da Mente,https://www.tiktok.com/@saude.da.mentee/video/7341164968592641285
351,Saúde da Mente,https://www.tiktok.com/@saude.da.mentee/video/7340417633264635142
352,Saúde da Mente,https://www.tiktok.com/@saude.da.mentee/video/7339670261723139334
353,Saúde da Mente,https://www.tiktok.com/@saude.da.mentee/video/7338933126103616773
354,Saúde da Mente,https://www.tiktok.com/@saude.da.mentee/video/7338598481147317509
355,Saúde da Mente,https://www.tiktok.com/@saude.da.mentee/video/7336699744711920902
356,Saúde da Mente,https://www.tiktok.com/@saude.da.mentee/video/7335957771264756997
357,Saúde da Mente,https://www.tiktok.com/@saude.da.mentee/video/7335581626186861829
358,Saúde da Mente,https://www.tiktok.com/@saude.da.mentee/video/7334469042763222277
359,Saúde da Mente,https://www.tiktok.com/@saude.da.mentee/video/7334101274654231814
360,Saúde da Mente,https://www.tiktok.com/@saude.da.mentee/video/7333357687389965573
361,Saúde da Mente,https://www.tiktok.com/@saude.da.mentee/video/7332622937570266373
362,Saúde da Mente,https://www.tiktok.com/@saude.da.mentee/video/7332240530664951045
363,Saúde da Mente,https://www.tiktok.com/@saude.da.mentee/video/7331165283488451846
364,Saúde da Mente,https://www.tiktok.com/@saude.da.mentee/video/7330779224829086982
365,Saúde da Mente,https://www.tiktok.com/@saude.da.mentee/video/7330358008888806661
366,Saúde da Mente,https://www.tiktok.com/@saude.da.mentee/video/7330048165091101958
367,Saúde da Mente,https://www.tiktok.com/@saude.da.mentee/video/7329685426329931014
368,Saúde da Mente,https://www.tiktok.com/@saude.da.mentee/video/7329646745435294982
369,Saúde da Mente,https://www.tiktok.com/@saude.da.mentee/video/7329270885297163525
370,Saúde da Mente,https://www.tiktok.com/@saude.da.mentee/video/7328914577436069126
371,Saúde da Mente,https://www.tiktok.com/@saude.da.mentee/video/7328554076453620997
372,Saúde da Mente,https://www.tiktok.com/@saude.da.mentee/video/7326702849121848581
373,Saúde da Mente,https://www.tiktok.com/@saude.da.mentee/video/7325947312784690438
374,Saúde da Mente,https://www.tiktok.com/@saude.da.mentee/video/7324825824438373638
375,Saúde da Mente,https://www.tiktok.com/@saude.da.mentee/video/7324085312915852550
376,Saúde da Mente,https://www.tiktok.com/@saude.da.mentee/video/7322971836998765829
377,Saúde da Mente,https://www.tiktok.com/@saude.da.mentee/video/7321873290824371462
378,Saúde da Mente,https://www.tiktok.com/@saude.da.mentee/video/7320742551210757382
379,Saúde da Mente,https://www.tiktok.com/@saude.da.mentee/video/7320021428793822469
380,Saúde da Mente,https://www.tiktok.com/@saude.da.mentee/video/7319628591858224389
381,Saúde da Mente,https://www.tiktok.com/@saude.da.mentee/video/7317772056102243590
382,Saúde da Mente,https://www.tiktok.com/@saude.da.mentee/video/7317027092544212230
383,Saúde da Mente,https://www.tiktok.com/@saude.da.mentee/video/7316312715696278789
384,Saúde da Mente,https://www.tiktok.com/@saude.da.mentee/video/7315557839752285445
385,Giovanna Sousa Cariry,https://www.tiktok.com/@giovannasousacariry/video/6914294834874420485
386,Giovanna Sousa Cariry,https://www.tiktok.com/@giovannasousacariry/video/6924308851722423554
387,Giovanna Sousa Cariry,https://www.tiktok.com/@giovannasousacariry/video/7013001769626127622
388,Giovanna Sousa Cariry,https://www.tiktok.com/@giovannasousacariry/video/7342513033077460230
389,Giovanna Sousa Cariry,https://www.tiktok.com/@giovannasousacariry/video/7342179359265967366
390,Giovanna Sousa Cariry,https://www.tiktok.com/@giovannasousacariry/video/7342090279526124806
391,Giovanna Sousa Cariry,https://www.tiktok.com/@giovannasousacariry/video/7341831746238827781
392,Giovanna Sousa Cariry,https://www.tiktok.com/@giovannasousacariry/video/7341751560352861445
393,Giovanna Sousa Cariry,https://www.tiktok.com/@giovannasousacariry/photo/7341568255259102469
394,Giovanna Sousa Cariry,https://www.tiktok.com/@giovannasousacariry/video/7341438498420919558
395,Giovanna Sousa Cariry,https://www.tiktok.com/@giovannasousacariry/video/7340801925178232070
396,Giovanna Sousa Cariry,https://www.tiktok.com/@giovannasousacariry/video/7340294674650893574
397,Giovanna Sousa Cariry,https://www.tiktok.com/@giovannasousacariry/video/7340028664928587014
398,Giovanna Sousa Cariry,https://www.tiktok.com/@giovannasousacariry/video/7339693217052445958
399,Giovanna Sousa Cariry,https://www.tiktok.com/@giovannasousacariry/video/7339556741195107590
400,Giovanna Sousa Cariry,https://www.tiktok.com/@giovannasousacariry/video/7339144392286014725
401,Giovanna Sousa Cariry,https://www.tiktok.com/@giovannasousacariry/video/7338903612598373637
402,Giovanna Sousa Cariry,https://www.tiktok.com/@giovannasousacariry/video/7338535964475739398
403,Giovanna Sousa Cariry,https://www.tiktok.com/@giovannasousacariry/video/7338060343140306182
404,Giovanna Sousa Cariry,https://www.tiktok.com/@giovannasousacariry/video/7337784556952538374
405,Giovanna Sousa Cariry,https://www.tiktok.com/@giovannasousacariry/video/7337430006223670533
406,Giovanna Sousa Cariry,https://www.tiktok.com/@giovannasousacariry/video/7336938764633181445
407,Giovanna Sousa Cariry,https://www.tiktok.com/@giovannasousacariry/video/7336584415889411334
408,Giovanna Sousa Cariry,https://www.tiktok.com/@giovannasousacariry/video/7336300110613105926
409,Giovanna Sousa Cariry,https://www.tiktok.com/@giovannasousacariry/video/7335917651132173573
410,Giovanna Sousa Cariry,https://www.tiktok.com/@giovannasousacariry/video/7335424540564114694
411,Giovanna Sousa Cariry,https://www.tiktok.com/@giovannasousacariry/video/7335142040000285957
412,Giovanna Sousa Cariry,https://www.tiktok.com/@giovannasousacariry/video/7334701975243640070
413,Giovanna Sousa Cariry,https://www.tiktok.com/@giovannasousacariry/video/7334425797459004677
414,Giovanna Sousa Cariry,https://www.tiktok.com/@giovannasousacariry/video/7334072956366343429
415,Giovanna Sousa Cariry,https://www.tiktok.com/@giovannasousacariry/video/7333724675018738949
416,Giovanna Sousa Cariry,https://www.tiktok.com/@giovannasousacariry/video/7333329483044277510
417,Giovanna Sousa Cariry,https://www.tiktok.com/@giovannasousacariry/video/7332874976707529989
418,Giovanna Sousa Cariry,https://www.tiktok.com/@giovannasousacariry/video/7332466145280281862
419,Giovanna Sousa Cariry,https://www.tiktok.com/@giovannasousacariry/video/7332229520793079045
420,Bela Liah,https://www.tiktok.com/@bela_ssincera/video/7252395713932348677
421,Bela Liah,https://www.tiktok.com/@bela_ssincera/video/7241290755782741254
422,Bela Liah,https://www.tiktok.com/@bela_ssincera/video/7342627777075531013
423,Bela Liah,https://www.tiktok.com/@bela_ssincera/video/7342583878399364357
424,Bela Liah,https://www.tiktok.com/@bela_ssincera/video/7342508872059325702
425,Bela Liah,https://www.tiktok.com/@bela_ssincera/video/7342225582895189254
426,Bela Liah,https://www.tiktok.com/@bela_ssincera/video/7342144167381912838
427,Bela Liah,https://www.tiktok.com/@bela_ssincera/video/7341838585118641413
428,Bela Liah,https://www.tiktok.com/@bela_ssincera/video/7341482121078557958
429,Bela Liah,https://www.tiktok.com/@bela_ssincera/video/7341387712655641862
430,Bela Liah,https://www.tiktok.com/@bela_ssincera/video/7340735493379738885
431,Bela Liah,https://www.tiktok.com/@bela_ssincera/video/7340347447308274949
432,Bela Liah,https://www.tiktok.com/@bela_ssincera/video/7340278690489732358
433,Bela Liah,https://www.tiktok.com/@bela_ssincera/video/7340003457845251334
434,Bela Liah,https://www.tiktok.com/@bela_ssincera/video/7339951415076359430
435,Bela Liah,https://www.tiktok.com/@bela_ssincera/video/7339599104466586886
436,Bela Liah,https://www.tiktok.com/@bela_ssincera/video/7339196542022094086
437,Bela Liah,https://www.tiktok.com/@bela_ssincera/video/7338887446609874182
438,Bela Liah,https://www.tiktok.com/@bela_ssincera/video/7338607125150600454
439,Bela Liah,https://www.tiktok.com/@bela_ssincera/video/7338489155111881989
440,Bela Liah,https://www.tiktok.com/@bela_ssincera/video/7338460510297361670
441,Bela Liah,https://www.tiktok.com/@bela_ssincera/video/7338180218894568709
442,Bela Liah,https://www.tiktok.com/@bela_ssincera/video/7338170372325510406
443,Bela Liah,https://www.tiktok.com/@bela_ssincera/video/7338087956286049541
444,Bela Liah,https://www.tiktok.com/@bela_ssincera/video/7337830022918491398
445,Bela Liah,https://www.tiktok.com/@bela_ssincera/video/7337726703583661318
446,Bela Liah,https://www.tiktok.com/@bela_ssincera/video/7337671203118730501
447,Bela Liah,https://www.tiktok.com/@bela_ssincera/video/7337431476499172613
448,Bela Liah,https://www.tiktok.com/@bela_ssincera/video/7337332232056573189
449,Bela Liah,https://www.tiktok.com/@bela_ssincera/video/7337087436536712453
450,Bela Liah,https://www.tiktok.com/@bela_ssincera/video/7336982285872270597
451,Bela Liah,https://www.tiktok.com/@bela_ssincera/video/7336711008645319942
452,Bela Liah,https://www.tiktok.com/@bela_ssincera/video/7336676255133158662
453,Bela Liah,https://www.tiktok.com/@bela_ssincera/video/7336619576924556549
454,Bela Liah,https://www.tiktok.com/@bela_ssincera/video/7336582864479341829
455,Mente Blindada8924,https://www.tiktok.com/@menteblindadaa8924/video/7339248169823390981
456,Mente Blindada8924,https://www.tiktok.com/@menteblindadaa8924/video/7342642434838514949
457,Mente Blindada8924,https://www.tiktok.com/@menteblindadaa8924/video/7342595965842410757
458,Mente Blindada8924,https://www.tiktok.com/@menteblindadaa8924/video/7342501953450151174
459,Mente Blindada8924,https://www.tiktok.com/@menteblindadaa8924/video/7341516550844730629
460,Mente Blindada8924,https://www.tiktok.com/@menteblindadaa8924/video/7341427726470892805
461,Mente Blindada8924,https://www.tiktok.com/@menteblindadaa8924/video/7341390080373771526
462,Mente Blindada8924,https://www.tiktok.com/@menteblindadaa8924/video/7341157628292123909
463,Mente Blindada8924,https://www.tiktok.com/@menteblindadaa8924/video/7341128514604715270
464,Mente Blindada8924,https://www.tiktok.com/@menteblindadaa8924/video/7340705751209643269
465,Mente Blindada8924,https://www.tiktok.com/@menteblindadaa8924/video/7340674879156440326
466,Mente Blindada8924,https://www.tiktok.com/@menteblindadaa8924/video/7340417787669630214
467,Mente Blindada8924,https://www.tiktok.com/@menteblindadaa8924/video/7340017171864636678
468,Mente Blindada8924,https://www.tiktok.com/@menteblindadaa8924/video/7339993939426004230
469,Mente Blindada8924,https://www.tiktok.com/@menteblindadaa8924/video/7339213372765801734
470,Mente Blindada8924,https://www.tiktok.com/@menteblindadaa8924/video/7338542790080548101
471,Mente Blindada8924,https://www.tiktok.com/@menteblindadaa8924/video/7338506435183086854
472,Mente Blindada8924,https://www.tiktok.com/@menteblindadaa8924/video/7338167765276151045
473,Mente Blindada8924,https://www.tiktok.com/@menteblindadaa8924/video/7337701332037471493
474,Mente Blindada8924,https://www.tiktok.com/@menteblindadaa8924/video/7337390396714028294
475,Mente Blindada8924,https://www.tiktok.com/@menteblindadaa8924/video/7337315852678630662
476,Mente Blindada8924,https://www.tiktok.com/@menteblindadaa8924/video/7336592250387975429
477,Mente Blindada8924,https://www.tiktok.com/@menteblindadaa8924/video/7336289188591013125
478,Mente Blindada8924,https://www.tiktok.com/@menteblindadaa8924/video/7329962298209012998
479,Mente Blindada8924,https://www.tiktok.com/@menteblindadaa8924/video/7328545812349193478
480,Mente Blindada8924,https://www.tiktok.com/@menteblindadaa8924/video/7327809684310641925
481,Mente Blindada8924,https://www.tiktok.com/@menteblindadaa8924/video/7327449843251596550
482,Mente Blindada8924,https://www.tiktok.com/@menteblindadaa8924/video/7325619775101504773
483,Mente Blindada8924,https://www.tiktok.com/@menteblindadaa8924/video/7317768120637164806
484,Mente Blindada8924,https://www.tiktok.com/@menteblindadaa8924/video/7316620117679361286
485,Mente Blindada8924,https://www.tiktok.com/@menteblindadaa8924/video/7315070600957988101
486,Mente Blindada8924,https://www.tiktok.com/@menteblindadaa8924/video/7309996229507812614
487,Mente Blindada8924,https://www.tiktok.com/@menteblindadaa8924/video/7309626832209366277
488,Mente Blindada8924,https://www.tiktok.com/@menteblindadaa8924/video/7302186814251617542
489,Mente Blindada8924,https://www.tiktok.com/@menteblindadaa8924/video/7296141161071119621
490,Saúde Mental Feminina ❣,https://www.tiktok.com/@sua.saude.mental2/video/7317139904620678405
491,Saúde Mental Feminina ❣,https://www.tiktok.com/@sua.saude.mental2/video/7314064975624998150
492,Saúde Mental Feminina ❣,https://www.tiktok.com/@sua.saude.mental2/video/7311661012510444806
493,Saúde Mental Feminina ❣,https://www.tiktok.com/@sua.saude.mental2/video/7311471539248041222
494,Saúde Mental Feminina ❣,https://www.tiktok.com/@sua.saude.mental2/video/7309244414335962373
495,Saúde Mental Feminina ❣,https://www.tiktok.com/@sua.saude.mental2/video/7307185145382046981
496,Saúde Mental Feminina ❣,https://www.tiktok.com/@sua.saude.mental2/video/7306925952116739333
497,Saúde Mental Feminina ❣,https://www.tiktok.com/@sua.saude.mental2/video/7306877349201595653
498,Saúde Mental Feminina ❣,https://www.tiktok.com/@sua.saude.mental2/video/7306611262471949573
499,Saúde Mental Feminina ❣,https://www.tiktok.com/@sua.saude.mental2/video/7306161692897971462
500,Saúde Mental Feminina ❣,https://www.tiktok.com/@sua.saude.mental2/video/7306095042584694021
501,Saúde Mental Feminina ❣,https://www.tiktok.com/@sua.saude.mental2/video/7305786122989210885
502,Saúde Mental Feminina ❣,https://www.tiktok.com/@sua.saude.mental2/video/7305686653815819525
503,Saúde Mental Feminina ❣,https://www.tiktok.com/@sua.saude.mental2/video/7305681875182308614
504,Saúde Mental Feminina ❣,https://www.tiktok.com/@sua.saude.mental2/video/7304950851125136645
505,Saúde Mental Feminina ❣,https://www.tiktok.com/@sua.saude.mental2/video/7304943922353081606
506,Saúde Mental Feminina ❣,https://www.tiktok.com/@sua.saude.mental2/video/7304809682588159238
507,Saúde Mental Feminina ❣,https://www.tiktok.com/@sua.saude.mental2/video/7304786953059290374
508,Saúde Mental Feminina ❣,https://www.tiktok.com/@sua.saude.mental2/video/7304783914474671366
509,Saúde Mental Feminina ❣,https://www.tiktok.com/@sua.saude.mental2/video/7304674272427937029
510,Saúde Mental Feminina ❣,https://www.tiktok.com/@sua.saude.mental2/video/7304663721513733381
511,Saúde Mental Feminina ❣,https://www.tiktok.com/@sua.saude.mental2/video/7304656140703403270
512,Saúde Mental Feminina ❣,https://www.tiktok.com/@sua.saude.mental2/video/7304220025634721029
513,Saúde Mental Feminina ❣,https://www.tiktok.com/@sua.saude.mental2/video/7304219200619334918
514,Saúde Mental Feminina ❣,https://www.tiktok.com/@sua.saude.mental2/video/7304296046425918726
515,Saúde Mental Feminina ❣,https://www.tiktok.com/@sua.saude.mental2/video/7304269953874611462
516,Saúde Mental Feminina ❣,https://www.tiktok.com/@sua.saude.mental2/video/7304247533793021189
517,Saúde Mental Feminina ❣,https://www.tiktok.com/@sua.saude.mental2/video/7304243470271614214
518,Saúde Mental Feminina ❣,https://www.tiktok.com/@sua.saude.mental2/video/7304211010838138117
519,Saúde Mental Feminina ❣,https://www.tiktok.com/@sua.saude.mental2/video/7303848034226425093
520,Saúde Mental Feminina ❣,https://www.tiktok.com/@sua.saude.mental2/video/7303846964301499654
521,Saúde Mental Feminina ❣,https://www.tiktok.com/@sua.saude.mental2/video/7303766008722951430
522,Saúde Mental Feminina ❣,https://www.tiktok.com/@sua.saude.mental2/video/7303577862357929221
523,Saúde Mental Feminina ❣,https://www.tiktok.com/@sua.saude.mental2/video/7303478598600576261
524,Saúde Mental Feminina ❣,https://www.tiktok.com/@sua.saude.mental2/video/7303325811657002246
525,Ketlyn Xavier,https://www.tiktok.com/@ketlynrx/video/7168468436891258118
526,Ketlyn Xavier,https://www.tiktok.com/@ketlynrx/video/7189771903937072389
527,Ketlyn Xavier,https://www.tiktok.com/@ketlynrx/video/7165617861459709190
528,Ketlyn Xavier,https://www.tiktok.com/@ketlynrx/video/7340074106706005254
529,Ketlyn Xavier,https://www.tiktok.com/@ketlynrx/video/7335617723663273221
530,Ketlyn Xavier,https://www.tiktok.com/@ketlynrx/video/7332995282843569414
531,Ketlyn Xavier,https://www.tiktok.com/@ketlynrx/video/7332337556333333765
532,Ketlyn Xavier,https://www.tiktok.com/@ketlynrx/video/7332201807185186053
533,Ketlyn Xavier,https://www.tiktok.com/@ketlynrx/video/7331924483256651013
534,Ketlyn Xavier,https://www.tiktok.com/@ketlynrx/video/7331909149791489285
535,Ketlyn Xavier,https://www.tiktok.com/@ketlynrx/video/7331828751019281670
536,Ketlyn Xavier,https://www.tiktok.com/@ketlynrx/video/7331177122687372550
537,Ketlyn Xavier,https://www.tiktok.com/@ketlynrx/video/7329983903907826950
538,Ketlyn Xavier,https://www.tiktok.com/@ketlynrx/photo/7328577899810868485
539,Ketlyn Xavier,https://www.tiktok.com/@ketlynrx/video/7327096371708742918
540,Ketlyn Xavier,https://www.tiktok.com/@ketlynrx/video/7326368463134493958
541,Ketlyn Xavier,https://www.tiktok.com/@ketlynrx/video/7325164788017908997
542,Ketlyn Xavier,https://www.tiktok.com/@ketlynrx/video/7324891957434633478
543,Ketlyn Xavier,https://www.tiktok.com/@ketlynrx/video/7324683381537541382
544,Ketlyn Xavier,https://www.tiktok.com/@ketlynrx/video/7324116038944034053
545,Ketlyn Xavier,https://www.tiktok.com/@ketlynrx/video/7322585483727441158
546,Ketlyn Xavier,https://www.tiktok.com/@ketlynrx/video/7321920594352655622
547,Ketlyn Xavier,https://www.tiktok.com/@ketlynrx/video/7321823376450800902
548,Ketlyn Xavier,https://www.tiktok.com/@ketlynrx/video/7319979268165913862
549,Ketlyn Xavier,https://www.tiktok.com/@ketlynrx/video/7319231942312856837
550,Ketlyn Xavier,https://www.tiktok.com/@ketlynrx/video/7316964507736100101
551,Ketlyn Xavier,https://www.tiktok.com/@ketlynrx/video/7312941842872470790
552,Ketlyn Xavier,https://www.tiktok.com/@ketlynrx/video/7312102806620474630
553,Ketlyn Xavier,https://www.tiktok.com/@ketlynrx/video/7309232422674074886
554,Ketlyn Xavier,https://www.tiktok.com/@ketlynrx/video/7308822536572259589
555,Ketlyn Xavier,https://www.tiktok.com/@ketlynrx/video/7306619514563677445
556,Ketlyn Xavier,https://www.tiktok.com/@ketlynrx/video/7304749981930392838
557,Ketlyn Xavier,https://www.tiktok.com/@ketlynrx/video/7304389179255868677
558,Ketlyn Xavier,https://www.tiktok.com/@ketlynrx/video/7303722646598995206
559,Ketlyn Xavier,https://www.tiktok.com/@ketlynrx/video/7302598020368010501
560,Luiza Barbosa,https://www.tiktok.com/@luiza.rbarbosa/video/7335946574247365893
561,Luiza Barbosa,https://www.tiktok.com/@luiza.rbarbosa/video/7258438370643184902
562,Luiza Barbosa,https://www.tiktok.com/@luiza.rbarbosa/video/7213167414417132806
563,Luiza Barbosa,https://www.tiktok.com/@luiza.rbarbosa/video/7342671169964805381
564,Luiza Barbosa,https://www.tiktok.com/@luiza.rbarbosa/video/7342615025955196166
565,Luiza Barbosa,https://www.tiktok.com/@luiza.rbarbosa/video/7342241749701512454
566,Luiza Barbosa,https://www.tiktok.com/@luiza.rbarbosa/video/7341501135519272197
567,Luiza Barbosa,https://www.tiktok.com/@luiza.rbarbosa/video/7341128442999557381
568,Luiza Barbosa,https://www.tiktok.com/@luiza.rbarbosa/video/7340761101136596230
569,Luiza Barbosa,https://www.tiktok.com/@luiza.rbarbosa/video/7340448317781888261
570,Luiza Barbosa,https://www.tiktok.com/@luiza.rbarbosa/video/7340387970169441541
571,Luiza Barbosa,https://www.tiktok.com/@luiza.rbarbosa/video/7340075681084165382
572,Luiza Barbosa,https://www.tiktok.com/@luiza.rbarbosa/video/7340015544252386566
573,Luiza Barbosa,https://www.tiktok.com/@luiza.rbarbosa/video/7338903886599703813
574,Luiza Barbosa,https://www.tiktok.com/@luiza.rbarbosa/video/7338572890918391045
575,Luiza Barbosa,https://www.tiktok.com/@luiza.rbarbosa/video/7338532157876374790
576,Luiza Barbosa,https://www.tiktok.com/@luiza.rbarbosa/video/7338161750816214277
577,Luiza Barbosa,https://www.tiktok.com/@luiza.rbarbosa/video/7338073356949785861
578,Luiza Barbosa,https://www.tiktok.com/@luiza.rbarbosa/video/7337820141985484038
579,Luiza Barbosa,https://www.tiktok.com/@luiza.rbarbosa/video/7337790905820286214
580,Luiza Barbosa,https://www.tiktok.com/@luiza.rbarbosa/video/7337420467986337030
581,Luiza Barbosa,https://www.tiktok.com/@luiza.rbarbosa/video/7337081657364581638
582,Luiza Barbosa,https://www.tiktok.com/@luiza.rbarbosa/video/7337058976766479622
583,Luiza Barbosa,https://www.tiktok.com/@luiza.rbarbosa/video/7336307121060990214
584,Luiza Barbosa,https://www.tiktok.com/@luiza.rbarbosa/video/7335616661787184389
585,Luiza Barbosa,https://www.tiktok.com/@luiza.rbarbosa/video/7335568251256130822
586,Luiza Barbosa,https://www.tiktok.com/@luiza.rbarbosa/video/7335230703371603206
587,Luiza Barbosa,https://www.tiktok.com/@luiza.rbarbosa/video/7334847626455747845
588,Luiza Barbosa,https://www.tiktok.com/@luiza.rbarbosa/video/7334459399320259846
589,Luiza Barbosa,https://www.tiktok.com/@luiza.rbarbosa/video/7334081231182777606
590,Luiza Barbosa,https://www.tiktok.com/@luiza.rbarbosa/video/7333993122180959494
591,Luiza Barbosa,https://www.tiktok.com/@luiza.rbarbosa/video/7333708376741874949
592,Luiza Barbosa,https://www.tiktok.com/@luiza.rbarbosa/video/7333378495134977286
593,Luiza Barbosa,https://www.tiktok.com/@luiza.rbarbosa/video/7333342618593611013
594,Luiza Barbosa,https://www.tiktok.com/@luiza.rbarbosa/video/7332966123064921350
595,Ana Beatriz Barbosa,https://www.tiktok.com/@draanabeatriz11/video/7254743585025821957
596,Ana Beatriz Barbosa,https://www.tiktok.com/@draanabeatriz11/video/7255475525383228678
597,Ana Beatriz Barbosa,https://www.tiktok.com/@draanabeatriz11/video/7187113989015424261
598,Ana Beatriz Barbosa,https://www.tiktok.com/@draanabeatriz11/video/7342630481730620678
599,Ana Beatriz Barbosa,https://www.tiktok.com/@draanabeatriz11/video/7342257905812507909
600,Ana Beatriz Barbosa,https://www.tiktok.com/@draanabeatriz11/video/7341886794738306309
601,Ana Beatriz Barbosa,https://www.tiktok.com/@draanabeatriz11/video/7341516203715874054
602,Ana Beatriz Barbosa,https://www.tiktok.com/@draanabeatriz11/video/7341145696273206533
603,Ana Beatriz Barbosa,https://www.tiktok.com/@draanabeatriz11/video/7340776295036357893
604,Ana Beatriz Barbosa,https://www.tiktok.com/@draanabeatriz11/video/7340402800477621509
605,Ana Beatriz Barbosa,https://www.tiktok.com/@draanabeatriz11/video/7340030961297526022
606,Ana Beatriz Barbosa,https://www.tiktok.com/@draanabeatriz11/video/7339661305822924038
607,Ana Beatriz Barbosa,https://www.tiktok.com/@draanabeatriz11/video/7339293996755242246
608,Ana Beatriz Barbosa,https://www.tiktok.com/@draanabeatriz11/video/7338920403319934214
609,Ana Beatriz Barbosa,https://www.tiktok.com/@draanabeatriz11/video/7338547323015875845
610,Ana Beatriz Barbosa,https://www.tiktok.com/@draanabeatriz11/video/7338177313260997893
611,Ana Beatriz Barbosa,https://www.tiktok.com/@draanabeatriz11/video/7337804872789642502
612,Ana Beatriz Barbosa,https://www.tiktok.com/@draanabeatriz11/video/7337429861637606661
613,Ana Beatriz Barbosa,https://www.tiktok.com/@draanabeatriz11/video/7337062780895284486
614,Ana Beatriz Barbosa,https://www.tiktok.com/@draanabeatriz11/video/7336690713725373702
615,Ana Beatriz Barbosa,https://www.tiktok.com/@draanabeatriz11/video/7336324004703227141
616,Ana Beatriz Barbosa,https://www.tiktok.com/@draanabeatriz11/video/7335953701158341894
617,Ana Beatriz Barbosa,https://www.tiktok.com/@draanabeatriz11/video/7335581537192185094
618,Ana Beatriz Barbosa,https://www.tiktok.com/@draanabeatriz11/video/7335207689309392133
619,Ana Beatriz Barbosa,https://www.tiktok.com/@draanabeatriz11/video/7334842187756195077
620,Ana Beatriz Barbosa,https://www.tiktok.com/@draanabeatriz11/video/7334469925043506438
621,Ana Beatriz Barbosa,https://www.tiktok.com/@draanabeatriz11/video/7334095991961963782
622,Ana Beatriz Barbosa,https://www.tiktok.com/@draanabeatriz11/video/7333722779851787526
623,Ana Beatriz Barbosa,https://www.tiktok.com/@draanabeatriz11/video/7333353757444541702
624,Ana Beatriz Barbosa,https://www.tiktok.com/@draanabeatriz11/video/7332980396742724870
625,Ana Beatriz Barbosa,https://www.tiktok.com/@draanabeatriz11/video/7332609843750063366
626,Ana Beatriz Barbosa,https://www.tiktok.com/@draanabeatriz11/video/7332239594131328261
627,Ana Beatriz Barbosa,https://www.tiktok.com/@draanabeatriz11/video/7331870160401337606
628,Ana Beatriz Barbosa,https://www.tiktok.com/@draanabeatriz11/video/7331498299507084549
629,Ana Beatriz Barbosa,https://www.tiktok.com/@draanabeatriz11/video/7331125800701578502
630,Matheus,https://www.tiktok.com/@psicologo.mateus/video/7155842861613763845
631,Matheus,https://www.tiktok.com/@psicologo.mateus/video/7342522859274800390
632,Matheus,https://www.tiktok.com/@psicologo.mateus/video/7342140829944843525
633,Matheus,https://www.tiktok.com/@psicologo.mateus/video/7341763620096740614
634,Matheus,https://www.tiktok.com/@psicologo.mateus/video/7341394620854603013
635,Matheus,https://www.tiktok.com/@psicologo.mateus/video/7341021992365198598
636,Matheus,https://www.tiktok.com/@psicologo.mateus/video/7340665212720123142
637,Matheus,https://www.tiktok.com/@psicologo.mateus/video/7340281249409322246
638,Matheus,https://www.tiktok.com/@psicologo.mateus/video/7339925527576218885
639,Matheus,https://www.tiktok.com/@psicologo.mateus/video/7339537278366158085
640,Matheus,https://www.tiktok.com/@psicologo.mateus/video/7339180366592347398
641,Matheus,https://www.tiktok.com/@psicologo.mateus/video/7338811874865122565
642,Matheus,https://www.tiktok.com/@psicologo.mateus/video/7338435785038908678
643,Matheus,https://www.tiktok.com/@psicologo.mateus/video/7338059021099748613
644,Matheus,https://www.tiktok.com/@psicologo.mateus/video/7337700134844747014
645,Matheus,https://www.tiktok.com/@psicologo.mateus/video/7337328931764292869
646,Matheus,https://www.tiktok.com/@psicologo.mateus/video/7336942071409904902
647,Matheus,https://www.tiktok.com/@psicologo.mateus/video/7336691559641009414
648,Matheus,https://www.tiktok.com/@psicologo.mateus/video/7336572438219590918
649,Matheus,https://www.tiktok.com/@psicologo.mateus/video/7336199112779402502
650,Matheus,https://www.tiktok.com/@psicologo.mateus/video/7335832114056776965
651,Matheus,https://www.tiktok.com/@psicologo.mateus/video/7335476607571741957
652,Matheus,https://www.tiktok.com/@psicologo.mateus/video/7335107802672729350
653,Matheus,https://www.tiktok.com/@psicologo.mateus/video/7334727295581572357
654,Matheus,https://www.tiktok.com/@psicologo.mateus/video/7334350338918485253
655,Matheus,https://www.tiktok.com/@psicologo.mateus/video/7333988492042620165
656,Matheus,https://www.tiktok.com/@psicologo.mateus/video/7333631474270260486
657,Matheus,https://www.tiktok.com/@psicologo.mateus/video/7333233003797253381
658,Matheus,https://www.tiktok.com/@psicologo.mateus/video/7332862059660561670
659,Matheus,https://www.tiktok.com/@psicologo.mateus/video/7332497420661591302
660,Matheus,https://www.tiktok.com/@psicologo.mateus/video/7332125234771840262
661,Matheus,https://www.tiktok.com/@psicologo.mateus/video/7331747179997957382
662,Matheus,https://www.tiktok.com/@psicologo.mateus/video/7331374840101850374
663,Matheus,https://www.tiktok.com/@psicologo.mateus/video/7331003544633445638
664,Matheus,https://www.tiktok.com/@psicologo.mateus/video/7330633291340565766
665,Salma Om Mochi,https://www.tiktok.com/@omm_mochi/video/7332225997972016390
666,Salma Om Mochi,https://www.tiktok.com/@omm_mochi/video/7293500421564370182
667,Salma Om Mochi,https://www.tiktok.com/@omm_mochi/video/7288128388437527813
668,Salma Om Mochi,https://www.tiktok.com/@omm_mochi/video/7342631703061482757
669,Salma Om Mochi,https://www.tiktok.com/@omm_mochi/video/7342313480822721797
670,Salma Om Mochi,https://www.tiktok.com/@omm_mochi/video/7341943854288899333
671,Salma Om Mochi,https://www.tiktok.com/@omm_mochi/video/7341942935908338949
672,Salma Om Mochi,https://www.tiktok.com/@omm_mochi/video/7341438995831786757
673,Salma Om Mochi,https://www.tiktok.com/@omm_mochi/video/7341435079459081477
674,Salma Om Mochi,https://www.tiktok.com/@omm_mochi/video/7340756353566117125
675,Salma Om Mochi,https://www.tiktok.com/@omm_mochi/video/7340102824463797510
676,Salma Om Mochi,https://www.tiktok.com/@omm_mochi/video/7340098842085444869
677,Salma Om Mochi,https://www.tiktok.com/@omm_mochi/video/7339712928750324998
678,Salma Om Mochi,https://www.tiktok.com/@omm_mochi/video/7339710096185838854
679,Salma Om Mochi,https://www.tiktok.com/@omm_mochi/video/7339708164687809798
680,Salma Om Mochi,https://www.tiktok.com/@omm_mochi/video/7339310663535217925
681,Salma Om Mochi,https://www.tiktok.com/@omm_mochi/video/7339308839205965062
682,Salma Om Mochi,https://www.tiktok.com/@omm_mochi/video/7339306804460965126
683,Salma Om Mochi,https://www.tiktok.com/@omm_mochi/video/7338933168172535046
684,Salma Om Mochi,https://www.tiktok.com/@omm_mochi/photo/7338208338133454085
685,Salma Om Mochi,https://www.tiktok.com/@omm_mochi/video/7338200791053782278
686,Salma Om Mochi,https://www.tiktok.com/@omm_mochi/video/7338196182881012997
687,Salma Om Mochi,https://www.tiktok.com/@omm_mochi/video/7338195559867485446
688,Salma Om Mochi,https://www.tiktok.com/@omm_mochi/video/7338189218948189445
689,Salma Om Mochi,https://www.tiktok.com/@omm_mochi/video/7338186847056694533
690,Salma Om Mochi,https://www.tiktok.com/@omm_mochi/video/7337816514004897029
691,Salma Om Mochi,https://www.tiktok.com/@omm_mochi/video/7337645072709733637
692,Salma Om Mochi,https://www.tiktok.com/@omm_mochi/video/7337422657949830405
693,Salma Om Mochi,https://www.tiktok.com/@omm_mochi/video/7337116244002344198
694,Salma Om Mochi,https://www.tiktok.com/@omm_mochi/video/7337113265891200261
695,Salma Om Mochi,https://www.tiktok.com/@omm_mochi/video/7336737811246222598
696,Salma Om Mochi,https://www.tiktok.com/@omm_mochi/video/7336734504876281093
697,Salma Om Mochi,https://www.tiktok.com/@omm_mochi/video/7336732918028569861
698,Salma Om Mochi,https://www.tiktok.com/@omm_mochi/video/7335967865130061062
699,Salma Om Mochi,https://www.tiktok.com/@omm_mochi/video/7335963435408035077
700,Matthias J. Barker,https://www.tiktok.com/@matthiasjbarker/photo/7345168871881444638
701,Matthias J. Barker,https://www.tiktok.com/@matthiasjbarker/video/7345135820682071339
702,Matthias J. Barker,https://www.tiktok.com/@matthiasjbarker/video/7344032188263894318
703,Matthias J. Barker,https://www.tiktok.com/@matthiasjbarker/video/7343273109098695979
704,Matthias J. Barker,https://www.tiktok.com/@matthiasjbarker/video/7342530716854471967
705,Matthias J. Barker,https://www.tiktok.com/@matthiasjbarker/video/7340675091153407278
706,Matthias J. Barker,https://www.tiktok.com/@matthiasjbarker/video/7337362153990540586
707,Matthias J. Barker,https://www.tiktok.com/@matthiasjbarker/video/7334738118647581994
708,Matthias J. Barker,https://www.tiktok.com/@matthiasjbarker/photo/7333694204239154478
709,Matthias J. Barker,https://www.tiktok.com/@matthiasjbarker/video/7332913958778588446
710,Matthias J. Barker,https://www.tiktok.com/@matthiasjbarker/photo/7332568258844822826
711,Matthias J. Barker,https://www.tiktok.com/@matthiasjbarker/video/7324182411619634462
712,Matthias J. Barker,https://www.tiktok.com/@matthiasjbarker/photo/7321766113178586414
713,Matthias J. Barker,https://www.tiktok.com/@matthiasjbarker/video/7320663992404282655
714,Matthias J. Barker,https://www.tiktok.com/@matthiasjbarker/photo/7319890296936910122
715,Matthias J. Barker,https://www.tiktok.com/@matthiasjbarker/video/7318920747622141215
716,Matthias J. Barker,https://www.tiktok.com/@matthiasjbarker/video/7315535740404845855
717,Matthias J. Barker,https://www.tiktok.com/@matthiasjbarker/video/7315075666624433438
718,Matthias J. Barker,https://www.tiktok.com/@matthiasjbarker/photo/7314722083576057130
719,Matthias J. Barker,https://www.tiktok.com/@matthiasjbarker/video/7313716608856345887
720,Matthias J. Barker,https://www.tiktok.com/@matthiasjbarker/photo/7312886965043563818
721,Matthias J. Barker,https://www.tiktok.com/@matthiasjbarker/video/7312138921272446238
722,Matthias J. Barker,https://www.tiktok.com/@matthiasjbarker/photo/7311376542674750763
723,Matthias J. Barker,https://www.tiktok.com/@matthiasjbarker/video/7310260824952573214
724,Matthias J. Barker,https://www.tiktok.com/@matthiasjbarker/photo/7310241199976107306
725,Matthias J. Barker,https://www.tiktok.com/@matthiasjbarker/video/7308796336185298207
726,Matthias J. Barker,https://www.tiktok.com/@matthiasjbarker/photo/7307673669264854314
727,Matthias J. Barker,https://www.tiktok.com/@matthiasjbarker/video/7306923478324645151
728,Matthias J. Barker,https://www.tiktok.com/@matthiasjbarker/photo/7306189833104264491
729,Matthias J. Barker,https://www.tiktok.com/@matthiasjbarker/video/7304012694380645662
730,Matthias J. Barker,https://www.tiktok.com/@matthiasjbarker/photo/7301400696392371499
731,Matthias J. Barker,https://www.tiktok.com/@matthiasjbarker/video/7299866773757627678
732,Matthias J. Barker,https://www.tiktok.com/@matthiasjbarker/photo/7299123309260655914
733,Matthias J. Barker,https://www.tiktok.com/@matthiasjbarker/video/7296866467985886494
734,Matthias J. Barker,https://www.tiktok.com/@matthiasjbarker/photo/7295805800642071851
735,Dr. Monda Reda ,https://www.tiktok.com/@monaredapsych/video/7054179823828126982
736,Dr. Monda Reda ,https://www.tiktok.com/@monaredapsych/video/7125135367405096198
737,Dr. Monda Reda ,https://www.tiktok.com/@monaredapsych/video/7056729371628883205
738,Dr. Monda Reda ,https://www.tiktok.com/@monaredapsych/video/7320626237922184454
739,Dr. Monda Reda ,https://www.tiktok.com/@monaredapsych/video/7320202487586213125
740,Dr. Monda Reda ,https://www.tiktok.com/@monaredapsych/video/7320200954584878342
741,Dr. Monda Reda ,https://www.tiktok.com/@monaredapsych/video/7320197171956157701
742,Dr. Monda Reda ,https://www.tiktok.com/@monaredapsych/video/7316911081476197638
743,Dr. Monda Reda ,https://www.tiktok.com/@monaredapsych/video/7316145297472900357
744,Dr. Monda Reda ,https://www.tiktok.com/@monaredapsych/video/7313465438308928774
745,Dr. Monda Reda ,https://www.tiktok.com/@monaredapsych/video/7312037324559240454
746,Dr. Monda Reda ,https://www.tiktok.com/@monaredapsych/video/7274275616424299782
747,Dr. Monda Reda ,https://www.tiktok.com/@monaredapsych/video/7258200932620471558
748,Dr. Monda Reda ,https://www.tiktok.com/@monaredapsych/video/7256680664114777350
749,Dr. Monda Reda ,https://www.tiktok.com/@monaredapsych/video/7256058364440956166
750,Dr. Monda Reda ,https://www.tiktok.com/@monaredapsych/video/7250906328430923014
751,Dr. Monda Reda ,https://www.tiktok.com/@monaredapsych/video/7244615873980402950
752,Dr. Monda Reda ,https://www.tiktok.com/@monaredapsych/video/7242200004205530373
753,Dr. Monda Reda ,https://www.tiktok.com/@monaredapsych/video/7226514885419502854
754,Dr. Monda Reda ,https://www.tiktok.com/@monaredapsych/video/7215160774392548613
755,Dr. Monda Reda ,https://www.tiktok.com/@monaredapsych/video/7212885709558959366
756,Dr. Monda Reda ,https://www.tiktok.com/@monaredapsych/video/7212162945655065861
757,Dr. Monda Reda ,https://www.tiktok.com/@monaredapsych/video/7210735355606125829
758,Dr. Monda Reda ,https://www.tiktok.com/@monaredapsych/video/7198913391145078022
759,Dr. Monda Reda ,https://www.tiktok.com/@monaredapsych/video/7198423633012804869
760,Dr. Monda Reda ,https://www.tiktok.com/@monaredapsych/video/7178942739210390789
761,Dr. Monda Reda ,https://www.tiktok.com/@monaredapsych/video/7170971991850175749
762,Dr. Monda Reda ,https://www.tiktok.com/@monaredapsych/video/7165450225027403014
763,Dr. Monda Reda ,https://www.tiktok.com/@monaredapsych/video/7164720434238246150
764,Dr. Monda Reda ,https://www.tiktok.com/@monaredapsych/video/7164411690056977669
765,Dr. Monda Reda ,https://www.tiktok.com/@monaredapsych/video/7163899474992041222
766,Dr. Monda Reda ,https://www.tiktok.com/@monaredapsych/video/7163373875231837445
767,Dr. Monda Reda ,https://www.tiktok.com/@monaredapsych/video/7163286368460786950
768,Dr. Monda Reda ,https://www.tiktok.com/@monaredapsych/video/7163281796501671173
769,Dr. Monda Reda ,https://www.tiktok.com/@monaredapsych/video/7163234746758204677
770,Ahmed Sameh,https://www.tiktok.com/@emmkanegypt/video/7279081913543855365
771,Ahmed Sameh,https://www.tiktok.com/@emmkanegypt/video/7215965878012120326
772,Ahmed Sameh,https://www.tiktok.com/@emmkanegypt/video/7200415416995335430
773,Ahmed Sameh,https://www.tiktok.com/@emmkanegypt/video/7343288679705742597
774,Ahmed Sameh,https://www.tiktok.com/@emmkanegypt/video/7342158861454855429
775,Ahmed Sameh,https://www.tiktok.com/@emmkanegypt/video/7341457222309874950
776,Ahmed Sameh,https://www.tiktok.com/@emmkanegypt/video/7340318780343471365
777,Ahmed Sameh,https://www.tiktok.com/@emmkanegypt/video/7336229463887252741
778,Ahmed Sameh,https://www.tiktok.com/@emmkanegypt/video/7334805954195770630
779,Ahmed Sameh,https://www.tiktok.com/@emmkanegypt/video/7334023344293186822
780,Ahmed Sameh,https://www.tiktok.com/@emmkanegypt/video/7333287452448214277
781,Ahmed Sameh,https://www.tiktok.com/@emmkanegypt/video/7332521371144047877
782,Ahmed Sameh,https://www.tiktok.com/@emmkanegypt/video/7331415755109584134
783,Ahmed Sameh,https://www.tiktok.com/@emmkanegypt/video/7331039125291797766
784,Ahmed Sameh,https://www.tiktok.com/@emmkanegypt/video/7330306629155556614
785,Ahmed Sameh,https://www.tiktok.com/@emmkanegypt/video/7329184421012049158
786,Ahmed Sameh,https://www.tiktok.com/@emmkanegypt/video/7328438417052749061
787,Ahmed Sameh,https://www.tiktok.com/@emmkanegypt/video/7327349114331565318
788,Ahmed Sameh,https://www.tiktok.com/@emmkanegypt/video/7326237851396377861
789,Ahmed Sameh,https://www.tiktok.com/@emmkanegypt/video/7324719934464920838
790,Ahmed Sameh,https://www.tiktok.com/@emmkanegypt/video/7322143394321468678
791,Ahmed Sameh,https://www.tiktok.com/@emmkanegypt/video/7321779510209187078
792,Ahmed Sameh,https://www.tiktok.com/@emmkanegypt/video/7319590413466193157
793,Ahmed Sameh,https://www.tiktok.com/@emmkanegypt/video/7318438081051249925
794,Ahmed Sameh,https://www.tiktok.com/@emmkanegypt/video/7316570418603691270
795,Ahmed Sameh,https://www.tiktok.com/@emmkanegypt/video/7316255890837900550
796,Ahmed Sameh,https://www.tiktok.com/@emmkanegypt/video/7313971519481285893
797,Ahmed Sameh,https://www.tiktok.com/@emmkanegypt/video/7311752640256298245
798,Ahmed Sameh,https://www.tiktok.com/@emmkanegypt/video/7310980841780317446
799,Ahmed Sameh,https://www.tiktok.com/@emmkanegypt/video/7306912842026978566
800,Ahmed Sameh,https://www.tiktok.com/@emmkanegypt/video/7306553788515585285
801,Ahmed Sameh,https://www.tiktok.com/@emmkanegypt/video/7305471224535174405
802,Ahmed Sameh,https://www.tiktok.com/@emmkanegypt/video/7304678827882499334
803,Ahmed Sameh,https://www.tiktok.com/@emmkanegypt/video/7303587895204433158
804,Ahmed Sameh,https://www.tiktok.com/@emmkanegypt/video/7297282035901664517
805,tamtamvsworld,https://www.tiktok.com/@tamtamvsworld/photo/7344784695441280262
806,tamtamvsworld,https://www.tiktok.com/@tamtamvsworld/video/7344758216074546438
807,tamtamvsworld,https://www.tiktok.com/@tamtamvsworld/video/7344427072464375045
808,tamtamvsworld,https://www.tiktok.com/@tamtamvsworld/video/7343983847123504389
809,tamtamvsworld,https://www.tiktok.com/@tamtamvsworld/video/7343673418153331973
810,tamtamvsworld,https://www.tiktok.com/@tamtamvsworld/video/7343293660756184325
811,tamtamvsworld,https://www.tiktok.com/@tamtamvsworld/video/7342626801945939206
812,tamtamvsworld,https://www.tiktok.com/@tamtamvsworld/video/7342544265073020166
813,tamtamvsworld,https://www.tiktok.com/@tamtamvsworld/video/7342181343788387590
814,tamtamvsworld,https://www.tiktok.com/@tamtamvsworld/video/7341812891424787718
815,tamtamvsworld,https://www.tiktok.com/@tamtamvsworld/video/7341449172375096581
816,tamtamvsworld,https://www.tiktok.com/@tamtamvsworld/photo/7341019658104982789
817,tamtamvsworld,https://www.tiktok.com/@tamtamvsworld/video/7340973777544547590
818,tamtamvsworld,https://www.tiktok.com/@tamtamvsworld/video/7340967585334480133
819,tamtamvsworld,https://www.tiktok.com/@tamtamvsworld/video/7340957346967080198
820,tamtamvsworld,https://www.tiktok.com/@tamtamvsworld/video/7340701227082091781
821,tamtamvsworld,https://www.tiktok.com/@tamtamvsworld/video/7340350738406591749
822,tamtamvsworld,https://www.tiktok.com/@tamtamvsworld/video/7339955322007719174
823,tamtamvsworld,https://www.tiktok.com/@tamtamvsworld/video/7339582512462712070
824,tamtamvsworld,https://www.tiktok.com/@tamtamvsworld/video/7338835915722247430
825,tamtamvsworld,https://www.tiktok.com/@tamtamvsworld/video/7338471179197467909
826,tamtamvsworld,https://www.tiktok.com/@tamtamvsworld/video/7338363133548956934
827,tamtamvsworld,https://www.tiktok.com/@tamtamvsworld/video/7338057013366148358
828,tamtamvsworld,https://www.tiktok.com/@tamtamvsworld/video/7337720540125318405
829,tamtamvsworld,https://www.tiktok.com/@tamtamvsworld/video/7337362586414976261
830,tamtamvsworld,https://www.tiktok.com/@tamtamvsworld/video/7336992116393970950
831,tamtamvsworld,https://www.tiktok.com/@tamtamvsworld/video/7336601896465091845
832,tamtamvsworld,https://www.tiktok.com/@tamtamvsworld/video/7336238186064121093
833,tamtamvsworld,https://www.tiktok.com/@tamtamvsworld/video/7335866456787242245
834,tamtamvsworld,https://www.tiktok.com/@tamtamvsworld/video/7335813860957408517
835,tamtamvsworld,https://www.tiktok.com/@tamtamvsworld/video/7335500990029778182
836,tamtamvsworld,https://www.tiktok.com/@tamtamvsworld/video/7335135330443496710
837,tamtamvsworld,https://www.tiktok.com/@tamtamvsworld/video/7334782427224706310
838,tamtamvsworld,https://www.tiktok.com/@tamtamvsworld/video/7334403163669220613
839,tamtamvsworld,https://www.tiktok.com/@tamtamvsworld/video/7334026061899959558
840,Dr. Mohammed El Shourbagy (ma_wra2_elndarh),https://www.tiktok.com/@ma_wra2_elndarh/video/7166684803696217350
841,Dr. Mohammed El Shourbagy (ma_wra2_elndarh),https://www.tiktok.com/@ma_wra2_elndarh/video/7125835129200594182
842,Dr. Mohammed El Shourbagy (ma_wra2_elndarh),https://www.tiktok.com/@ma_wra2_elndarh/video/7115482631151635717
843,Dr. Mohammed El Shourbagy (ma_wra2_elndarh),https://www.tiktok.com/@ma_wra2_elndarh/video/7222322878182657285
844,Dr. Mohammed El Shourbagy (ma_wra2_elndarh),https://www.tiktok.com/@ma_wra2_elndarh/video/7221621212391230725
845,Dr. Mohammed El Shourbagy (ma_wra2_elndarh),https://www.tiktok.com/@ma_wra2_elndarh/video/7220849184109366534
846,Dr. Mohammed El Shourbagy (ma_wra2_elndarh),https://www.tiktok.com/@ma_wra2_elndarh/video/7219706723890695430
847,Dr. Mohammed El Shourbagy (ma_wra2_elndarh),https://www.tiktok.com/@ma_wra2_elndarh/video/7219027152019262725
848,Dr. Mohammed El Shourbagy (ma_wra2_elndarh),https://www.tiktok.com/@ma_wra2_elndarh/video/7218924493161499909
849,Dr. Mohammed El Shourbagy (ma_wra2_elndarh),https://www.tiktok.com/@ma_wra2_elndarh/video/7217921985928727813
850,Dr. Mohammed El Shourbagy (ma_wra2_elndarh),https://www.tiktok.com/@ma_wra2_elndarh/video/7217109492448627974
851,Dr. Mohammed El Shourbagy (ma_wra2_elndarh),https://www.tiktok.com/@ma_wra2_elndarh/video/7216051084383587590
852,Dr. Mohammed El Shourbagy (ma_wra2_elndarh),https://www.tiktok.com/@ma_wra2_elndarh/video/7207914521908825349
853,Dr. Mohammed El Shourbagy (ma_wra2_elndarh),https://www.tiktok.com/@ma_wra2_elndarh/video/7206791693494963461
854,Dr. Mohammed El Shourbagy (ma_wra2_elndarh),https://www.tiktok.com/@ma_wra2_elndarh/video/7205657375242554629
855,Dr. Mohammed El Shourbagy (ma_wra2_elndarh),https://www.tiktok.com/@ma_wra2_elndarh/video/7204546296261266694
856,Dr. Mohammed El Shourbagy (ma_wra2_elndarh),https://www.tiktok.com/@ma_wra2_elndarh/video/7203414935206907142
857,Dr. Mohammed El Shourbagy (ma_wra2_elndarh),https://www.tiktok.com/@ma_wra2_elndarh/video/7202721945450777862
858,Dr. Mohammed El Shourbagy (ma_wra2_elndarh),https://www.tiktok.com/@ma_wra2_elndarh/video/7200025896244301062
859,Dr. Mohammed El Shourbagy (ma_wra2_elndarh),https://www.tiktok.com/@ma_wra2_elndarh/video/7199644032316869893
860,Dr. Mohammed El Shourbagy (ma_wra2_elndarh),https://www.tiktok.com/@ma_wra2_elndarh/video/7197915078358748421
861,Dr. Mohammed El Shourbagy (ma_wra2_elndarh),https://www.tiktok.com/@ma_wra2_elndarh/video/7196653068665113862
862,Dr. Mohammed El Shourbagy (ma_wra2_elndarh),https://www.tiktok.com/@ma_wra2_elndarh/video/7196647588345564421
863,Dr. Mohammed El Shourbagy (ma_wra2_elndarh),https://www.tiktok.com/@ma_wra2_elndarh/video/7191825614276414726
864,Dr. Mohammed El Shourbagy (ma_wra2_elndarh),https://www.tiktok.com/@ma_wra2_elndarh/video/7188939226900221190
865,Dr. Mohammed El Shourbagy (ma_wra2_elndarh),https://www.tiktok.com/@ma_wra2_elndarh/video/7187096031182572806
866,Dr. Mohammed El Shourbagy (ma_wra2_elndarh),https://www.tiktok.com/@ma_wra2_elndarh/video/7186751663137393926
867,Dr. Mohammed El Shourbagy (ma_wra2_elndarh),https://www.tiktok.com/@ma_wra2_elndarh/video/7185613996614028549
868,Dr. Mohammed El Shourbagy (ma_wra2_elndarh),https://www.tiktok.com/@ma_wra2_elndarh/video/7185276340608732421
869,Dr. Mohammed El Shourbagy (ma_wra2_elndarh),https://www.tiktok.com/@ma_wra2_elndarh/video/7184484374396538118
870,Dr. Mohammed El Shourbagy (ma_wra2_elndarh),https://www.tiktok.com/@ma_wra2_elndarh/video/7184148903623806214
871,Dr. Mohammed El Shourbagy (ma_wra2_elndarh),https://www.tiktok.com/@ma_wra2_elndarh/video/7183768168580582661
872,Dr. Mohammed El Shourbagy (ma_wra2_elndarh),https://www.tiktok.com/@ma_wra2_elndarh/video/7183409654951677189
873,Dr. Mohammed El Shourbagy (ma_wra2_elndarh),https://www.tiktok.com/@ma_wra2_elndarh/video/7183034065518513413
874,Dr. Mohammed El Shourbagy (ma_wra2_elndarh),https://www.tiktok.com/@ma_wra2_elndarh/video/7182140951500950790
875,Aya Saied Shoaib,https://www.tiktok.com/@ayashoaibpage/video/7335880589901368581
876,Aya Saied Shoaib,https://www.tiktok.com/@ayashoaibpage/video/7239436723539741957
877,Aya Saied Shoaib,https://www.tiktok.com/@ayashoaibpage/video/7157445710051396869
878,Aya Saied Shoaib,https://www.tiktok.com/@ayashoaibpage/video/7344085299942771974
879,Aya Saied Shoaib,https://www.tiktok.com/@ayashoaibpage/video/7343951928151559429
880,Aya Saied Shoaib,https://www.tiktok.com/@ayashoaibpage/video/7343672704765005061
881,Aya Saied Shoaib,https://www.tiktok.com/@ayashoaibpage/video/7343565821223963910
882,Aya Saied Shoaib,https://www.tiktok.com/@ayashoaibpage/video/7343344228434545926
883,Aya Saied Shoaib,https://www.tiktok.com/@ayashoaibpage/video/7343120356556885254
884,Aya Saied Shoaib,https://www.tiktok.com/@ayashoaibpage/video/7342474658341457157
885,Aya Saied Shoaib,https://www.tiktok.com/@ayashoaibpage/video/7342222251506420998
886,Aya Saied Shoaib,https://www.tiktok.com/@ayashoaibpage/video/7340717372443069701
887,Aya Saied Shoaib,https://www.tiktok.com/@ayashoaibpage/video/7340219251283725573
888,Aya Saied Shoaib,https://www.tiktok.com/@ayashoaibpage/video/7340038196165610757
889,Aya Saied Shoaib,https://www.tiktok.com/@ayashoaibpage/video/7340022227284282630
890,Aya Saied Shoaib,https://www.tiktok.com/@ayashoaibpage/video/7339585874285399301
891,Aya Saied Shoaib,https://www.tiktok.com/@ayashoaibpage/video/7339487133238955270
892,Aya Saied Shoaib,https://www.tiktok.com/@ayashoaibpage/video/7339273768218414342
893,Aya Saied Shoaib,https://www.tiktok.com/@ayashoaibpage/video/7338116899739340038
894,Aya Saied Shoaib,https://www.tiktok.com/@ayashoaibpage/video/7337302002470276357
895,Aya Saied Shoaib,https://www.tiktok.com/@ayashoaibpage/video/7335474213723065605
896,Aya Saied Shoaib,https://www.tiktok.com/@ayashoaibpage/video/7335150581260111109
897,Aya Saied Shoaib,https://www.tiktok.com/@ayashoaibpage/video/7332495604578356485
898,Aya Saied Shoaib,https://www.tiktok.com/@ayashoaibpage/video/7329610498402487557
899,Aya Saied Shoaib,https://www.tiktok.com/@ayashoaibpage/video/7326614950296833286
900,Aya Saied Shoaib,https://www.tiktok.com/@ayashoaibpage/video/7323675886870383878
901,Aya Saied Shoaib,https://www.tiktok.com/@ayashoaibpage/video/7322120975066189062
902,Aya Saied Shoaib,https://www.tiktok.com/@ayashoaibpage/video/7320680035793358086
903,Aya Saied Shoaib,https://www.tiktok.com/@ayashoaibpage/video/7316951423256694021
904,Aya Saied Shoaib,https://www.tiktok.com/@ayashoaibpage/video/7316297766299258117
905,Aya Saied Shoaib,https://www.tiktok.com/@ayashoaibpage/video/7316253596285226246
906,Aya Saied Shoaib,https://www.tiktok.com/@ayashoaibpage/video/7315894384136998150
907,Aya Saied Shoaib,https://www.tiktok.com/@ayashoaibpage/video/7315822841742626066
908,Aya Saied Shoaib,https://www.tiktok.com/@ayashoaibpage/video/7313616594742152453
909,Aya Saied Shoaib,https://www.tiktok.com/@ayashoaibpage/video/7312791610494946566
910,Yasmeen talks,https://www.tiktok.com/@yasmeentalks/video/6962625978459819270
911,Yasmeen talks,https://www.tiktok.com/@yasmeentalks/video/6983359897337335045
912,Yasmeen talks,https://www.tiktok.com/@yasmeentalks/video/6976633814395260165
913,Yasmeen talks,https://www.tiktok.com/@yasmeentalks/video/7061526871132867845
914,Yasmeen talks,https://www.tiktok.com/@yasmeentalks/video/7056482057807006981
915,Yasmeen talks,https://www.tiktok.com/@yasmeentalks/video/7053517450704391429
916,Yasmeen talks,https://www.tiktok.com/@yasmeentalks/video/7052391079710100742
917,Yasmeen talks,https://www.tiktok.com/@yasmeentalks/video/7050902207184653573
918,Yasmeen talks,https://www.tiktok.com/@yasmeentalks/video/7050750495308156165
919,Yasmeen talks,https://www.tiktok.com/@yasmeentalks/video/7001933024044535046
920,Yasmeen talks,https://www.tiktok.com/@yasmeentalks/video/6999345182139337989
921,Yasmeen talks,https://www.tiktok.com/@yasmeentalks/video/6997861572034989317
922,Yasmeen talks,https://www.tiktok.com/@yasmeentalks/video/6996712857765252358
923,Yasmeen talks,https://www.tiktok.com/@yasmeentalks/video/6994088817590340869
924,Yasmeen talks,https://www.tiktok.com/@yasmeentalks/video/6992273439348346118
925,Yasmeen talks,https://www.tiktok.com/@yasmeentalks/video/6991512013297962246
926,Yasmeen talks,https://www.tiktok.com/@yasmeentalks/video/6991142019720613126
927,Yasmeen talks,https://www.tiktok.com/@yasmeentalks/video/6990071799098658054
928,Yasmeen talks,https://www.tiktok.com/@yasmeentalks/video/6989286150426955013
929,Yasmeen talks,https://www.tiktok.com/@yasmeentalks/video/6986614206070082822
930,Yasmeen talks,https://www.tiktok.com/@yasmeentalks/video/6984834633145847046
931,Yasmeen talks,https://www.tiktok.com/@yasmeentalks/video/6984466354183146758
932,Yasmeen talks,https://www.tiktok.com/@yasmeentalks/video/6981514323025874181
933,Yasmeen talks,https://www.tiktok.com/@yasmeentalks/video/6978893827276819717
934,Yasmeen talks,https://www.tiktok.com/@yasmeentalks/video/6978094789111631109
935,Yasmeen talks,https://www.tiktok.com/@yasmeentalks/video/6975966336186879237
936,Yasmeen talks,https://www.tiktok.com/@yasmeentalks/video/6974740624461368581
937,Yasmeen talks,https://www.tiktok.com/@yasmeentalks/video/6972960165775658246
938,Yasmeen talks,https://www.tiktok.com/@yasmeentalks/video/6971807900230487301
939,Yasmeen talks,https://www.tiktok.com/@yasmeentalks/video/6970393022194273542
940,Yasmeen talks,https://www.tiktok.com/@yasmeentalks/video/6968510810733694213
941,Yasmeen talks,https://www.tiktok.com/@yasmeentalks/video/6968178409172143365
942,Yasmeen talks,https://www.tiktok.com/@yasmeentalks/video/6966689350008540421
943,Yasmeen talks,https://www.tiktok.com/@yasmeentalks/video/6965876843660528902
944,Yasmeen talks,https://www.tiktok.com/@yasmeentalks/video/6965496450524499205
945,Dr. Somaya AlShaiby,https://www.tiktok.com/@mssomayaalshaiby/video/7251696003412184325
946,Dr. Somaya AlShaiby,https://www.tiktok.com/@mssomayaalshaiby/video/7242293354367552773
947,Dr. Somaya AlShaiby,https://www.tiktok.com/@mssomayaalshaiby/video/7345176557062753541
948,Dr. Somaya AlShaiby,https://www.tiktok.com/@mssomayaalshaiby/video/7338721237415316742
949,Dr. Somaya AlShaiby,https://www.tiktok.com/@mssomayaalshaiby/video/7337349434860244229
950,Dr. Somaya AlShaiby,https://www.tiktok.com/@mssomayaalshaiby/video/7336651970180140293
951,Dr. Somaya AlShaiby,https://www.tiktok.com/@mssomayaalshaiby/video/7335050624683298053
952,Dr. Somaya AlShaiby,https://www.tiktok.com/@mssomayaalshaiby/video/7334143168297831686
953,Dr. Somaya AlShaiby,https://www.tiktok.com/@mssomayaalshaiby/video/7331840695159835910
954,Dr. Somaya AlShaiby,https://www.tiktok.com/@mssomayaalshaiby/video/7331479754320760070
955,Dr. Somaya AlShaiby,https://www.tiktok.com/@mssomayaalshaiby/video/7329416531106893062
956,Dr. Somaya AlShaiby,https://www.tiktok.com/@mssomayaalshaiby/video/7325900204283055365
957,Dr. Somaya AlShaiby,https://www.tiktok.com/@mssomayaalshaiby/video/7325897986913914117
958,Dr. Somaya AlShaiby,https://www.tiktok.com/@mssomayaalshaiby/video/7324954929884368133
959,Dr. Somaya AlShaiby,https://www.tiktok.com/@mssomayaalshaiby/video/7324593900830641413
960,Dr. Somaya AlShaiby,https://www.tiktok.com/@mssomayaalshaiby/video/7319139210164768005
961,Dr. Somaya AlShaiby,https://www.tiktok.com/@mssomayaalshaiby/video/7318724082286071046
962,Dr. Somaya AlShaiby,https://www.tiktok.com/@mssomayaalshaiby/video/7317736546193493254
963,Dr. Somaya AlShaiby,https://www.tiktok.com/@mssomayaalshaiby/video/7313173304662183173
964,Dr. Somaya AlShaiby,https://www.tiktok.com/@mssomayaalshaiby/video/7311914577262857477
965,Dr. Somaya AlShaiby,https://www.tiktok.com/@mssomayaalshaiby/video/7311492187898875142
966,Dr. Somaya AlShaiby,https://www.tiktok.com/@mssomayaalshaiby/video/7310739201388072197
967,Dr. Somaya AlShaiby,https://www.tiktok.com/@mssomayaalshaiby/video/7309993802243001606
968,Dr. Somaya AlShaiby,https://www.tiktok.com/@mssomayaalshaiby/video/7308166924729437446
969,Dr. Somaya AlShaiby,https://www.tiktok.com/@mssomayaalshaiby/video/7305345584179760390
970,Dr. Somaya AlShaiby,https://www.tiktok.com/@mssomayaalshaiby/video/7304952208670395654
971,Dr. Somaya AlShaiby,https://www.tiktok.com/@mssomayaalshaiby/video/7303587076921134342
972,Dr. Somaya AlShaiby,https://www.tiktok.com/@mssomayaalshaiby/video/7303550490615303430
973,Dr. Somaya AlShaiby,https://www.tiktok.com/@mssomayaalshaiby/video/7302885279923211526
974,Dr. Somaya AlShaiby,https://www.tiktok.com/@mssomayaalshaiby/video/7302881776295349509
975,Dr. Somaya AlShaiby,https://www.tiktok.com/@mssomayaalshaiby/video/7302145953954286854
976,Dr. Somaya AlShaiby,https://www.tiktok.com/@mssomayaalshaiby/video/7301392387551808773
977,Dr. Somaya AlShaiby,https://www.tiktok.com/@mssomayaalshaiby/video/7301359911743786246
978,Dr. Somaya AlShaiby,https://www.tiktok.com/@mssomayaalshaiby/video/7300201284215344389
979,Dr. Somaya AlShaiby,https://www.tiktok.com/@mssomayaalshaiby/video/7295052352866864389
980,Laila Algohary,https://www.tiktok.com/@thetherapyroomm/video/7342184249837112582
981,Laila Algohary,https://www.tiktok.com/@thetherapyroomm/video/7339235406803782917
982,Laila Algohary,https://www.tiktok.com/@thetherapyroomm/video/7339205127502433542
983,Laila Algohary,https://www.tiktok.com/@thetherapyroomm/video/7331466494510943494
984,Laila Algohary,https://www.tiktok.com/@thetherapyroomm/photo/7331101488665677061
985,Laila Algohary,https://www.tiktok.com/@thetherapyroomm/video/7328399293759458565
986,Laila Algohary,https://www.tiktok.com/@thetherapyroomm/video/7327754302968040709
987,Laila Algohary,https://www.tiktok.com/@thetherapyroomm/video/7327745484314103046
988,Laila Algohary,https://www.tiktok.com/@thetherapyroomm/video/7324765597303131398
989,Laila Algohary,https://www.tiktok.com/@thetherapyroomm/video/7324745722581060870
990,Laila Algohary,https://www.tiktok.com/@thetherapyroomm/video/7323940293005380870
991,Laila Algohary,https://www.tiktok.com/@thetherapyroomm/video/7323664582411799814
992,Laila Algohary,https://www.tiktok.com/@thetherapyroomm/video/7322555756853628165
993,Laila Algohary,https://www.tiktok.com/@thetherapyroomm/video/7322504988540849413
994,Laila Algohary,https://www.tiktok.com/@thetherapyroomm/video/7322224823684353285
995,Laila Algohary,https://www.tiktok.com/@thetherapyroomm/video/7322176461287263494
996,Laila Algohary,https://www.tiktok.com/@thetherapyroomm/video/7322151351880781061
997,Laila Algohary,https://www.tiktok.com/@thetherapyroomm/video/7319545711765523718
998,Laila Algohary,https://www.tiktok.com/@thetherapyroomm/video/7316191019157032198
999,Laila Algohary,https://www.tiktok.com/@thetherapyroomm/video/7313545954236321030
1000,Laila Algohary,https://www.tiktok.com/@thetherapyroomm/video/7313520279425223941
1001,Laila Algohary,https://www.tiktok.com/@thetherapyroomm/photo/7310315167382768902
1002,Laila Algohary,https://www.tiktok.com/@thetherapyroomm/video/7309190534780833030
1003,Laila Algohary,https://www.tiktok.com/@thetherapyroomm/video/7309127627510484229
1004,Laila Algohary,https://www.tiktok.com/@thetherapyroomm/photo/7307287262058794245
1005,Laila Algohary,https://www.tiktok.com/@thetherapyroomm/photo/7305836208498691333
1006,Laila Algohary,https://www.tiktok.com/@thetherapyroomm/video/7303239904639634694
1007,Laila Algohary,https://www.tiktok.com/@thetherapyroomm/video/7296214672213019910
1008,Laila Algohary,https://www.tiktok.com/@thetherapyroomm/video/7293210933147520261
1009,Laila Algohary,https://www.tiktok.com/@thetherapyroomm/video/7292330080963923205
1010,Laila Algohary,https://www.tiktok.com/@thetherapyroomm/video/7291353524661734662
1011,Laila Algohary,https://www.tiktok.com/@thetherapyroomm/video/7288767833876532485
1012,Laila Algohary,https://www.tiktok.com/@thetherapyroomm/video/7288717482116795653
1013,Laila Algohary,https://www.tiktok.com/@thetherapyroomm/video/7288716411248053510
1014,Michael Malak,https://www.tiktok.com/@themichaelmalak/video/7318806442142715142
1015,Michael Malak,https://www.tiktok.com/@themichaelmalak/video/7319539811767848198
1016,Michael Malak,https://www.tiktok.com/@themichaelmalak/video/7338915298763885830
1017,Michael Malak,https://www.tiktok.com/@themichaelmalak/video/7338794576737537286
1018,Michael Malak,https://www.tiktok.com/@themichaelmalak/video/7338569772755422470
1019,Michael Malak,https://www.tiktok.com/@themichaelmalak/video/7335477362416553222
1020,Michael Malak,https://www.tiktok.com/@themichaelmalak/video/7324841414297292038
1021,Michael Malak,https://www.tiktok.com/@themichaelmalak/video/7323291347513822469
1022,Michael Malak,https://www.tiktok.com/@themichaelmalak/video/7322933713908649222
1023,Michael Malak,https://www.tiktok.com/@themichaelmalak/video/7322569561692294405
1024,Michael Malak,https://www.tiktok.com/@themichaelmalak/video/7322542312381484294
1025,Michael Malak,https://www.tiktok.com/@themichaelmalak/video/7321795537563340037
1026,Michael Malak,https://www.tiktok.com/@themichaelmalak/video/7316989704170212614
1027,Michael Malak,https://www.tiktok.com/@themichaelmalak/video/7315161637332208901
1028,Michael Malak,https://www.tiktok.com/@themichaelmalak/video/7314783457694059782
1029,Michael Malak,https://www.tiktok.com/@themichaelmalak/video/7314372034933329158
1030,Michael Malak,https://www.tiktok.com/@themichaelmalak/video/7313638373871176965
1031,Michael Malak,https://www.tiktok.com/@themichaelmalak/video/7310015205809868037
1032,Michael Malak,https://www.tiktok.com/@themichaelmalak/video/7309215028173982982
1033,Michael Malak,https://www.tiktok.com/@themichaelmalak/video/7306218109323463942
1034,Michael Malak,https://www.tiktok.com/@themichaelmalak/video/7305533481810005254
1035,Michael Malak,https://www.tiktok.com/@themichaelmalak/video/7305107183488863493
1036,Michael Malak,https://www.tiktok.com/@themichaelmalak/video/7304993969061088518
1037,Michael Malak,https://www.tiktok.com/@themichaelmalak/video/7304725608649608453
1038,Michael Malak,https://www.tiktok.com/@themichaelmalak/video/7303988495784135942
1039,Michael Malak,https://www.tiktok.com/@themichaelmalak/video/7303865892562095365
1040,Michael Malak,https://www.tiktok.com/@themichaelmalak/video/7303628392052641029
1041,Michael Malak,https://www.tiktok.com/@themichaelmalak/video/7303483673775541509
1042,Michael Malak,https://www.tiktok.com/@themichaelmalak/video/7302387605256113414
1043,Michael Malak,https://www.tiktok.com/@themichaelmalak/video/7302016241919741189
1044,Michael Malak,https://www.tiktok.com/@themichaelmalak/video/7299583240040369413
1045,Michael Malak,https://www.tiktok.com/@themichaelmalak/video/7298660795628457221
1046,Michael Malak,https://www.tiktok.com/@themichaelmalak/video/7288463185886121222
1047,Michael Malak,https://www.tiktok.com/@themichaelmalak/video/7287599068199636229
1048,Michael Malak,https://www.tiktok.com/@themichaelmalak/video/7285414557009349893
